#
# There is insufficient memory for the Java Runtime Environment to continue.
# Native memory allocation (mmap) failed to map 613416960 bytes. Error detail: G1 virtual space
# Possible reasons:
#   The system is out of physical RAM or swap space
#   This process is running with CompressedOops enabled, and the Java Heap may be blocking the growth of the native heap
# Possible solutions:
#   Reduce memory load on the system
#   Increase physical memory or swap space
#   Check if swap backing store is full
#   Decrease Java heap size (-Xmx/-Xms)
#   Decrease number of Java threads
#   Decrease Java thread stack sizes (-Xss)
#   Set larger code cache with -XX:ReservedCodeCacheSize=
#   JVM is running with Unscaled Compressed Oops mode in which the Java heap is
#     placed in the first 4GB address space. The Java Heap base address is the
#     maximum limit for the native heap growth. Please use -XX:HeapBaseMinAddress
#     to set the Java Heap base and to place the Java Heap above 4GB virtual address.
# This output file may be truncated or incomplete.
#
#  Out of Memory Error (os_windows.cpp:3926), pid=8208, tid=7568
#
# JRE version: OpenJDK Runtime Environment (21.0.10) (build 21.0.10+-14961533-b1163.108)
# Java VM: OpenJDK 64-Bit Server VM (21.0.10+-14961533-b1163.108, mixed mode, tiered, compressed oops, compressed class ptrs, g1 gc, windows-amd64)
# No core dump will be written. Minidumps are not enabled by default on client versions of Windows
#

---------------  S U M M A R Y ------------

Command Line: --add-opens=java.base/java.lang=ALL-UNNAMED --add-opens=java.base/java.lang.invoke=ALL-UNNAMED --add-opens=java.base/java.util=ALL-UNNAMED --add-opens=java.prefs/java.util.prefs=ALL-UNNAMED --add-exports=jdk.compiler/com.sun.tools.javac.api=ALL-UNNAMED --add-exports=jdk.compiler/com.sun.tools.javac.util=ALL-UNNAMED --add-opens=java.base/java.util=ALL-UNNAMED --add-opens=java.prefs/java.util.prefs=ALL-UNNAMED --add-opens=java.base/java.nio.charset=ALL-UNNAMED --add-opens=java.base/java.net=ALL-UNNAMED --add-opens=java.base/java.util.concurrent=ALL-UNNAMED --add-opens=java.base/java.util.concurrent.atomic=ALL-UNNAMED --add-opens=java.xml/javax.xml.namespace=ALL-UNNAMED --add-opens=java.base/java.time=ALL-UNNAMED -Xmx2048m -Dfile.encoding=UTF-8 -Duser.country=US -Duser.language=en -Duser.variant -javaagent:C:\Users\E-TIME\.gradle\wrapper\dists\gradle-9.4.1-bin\arn2x92ynaizyzdaamcbpbhtj\gradle-9.4.1\lib\agents\gradle-instrumentation-agent-9.4.1.jar org.gradle.launcher.daemon.bootstrap.GradleDaemon 9.4.1

Host: Intel(R) Core(TM) i5-6300U CPU @ 2.40GHz, 4 cores, 7G,  Windows 10 , 64 bit Build 19041 (10.0.19041.5915)
Time: Sat Jul 18 16:04:31 2026 Pakistan Standard Time elapsed time: 22536.354829 seconds (0d 6h 15m 36s)

---------------  T H R E A D  ---------------

Current thread (0x000002307681cfc0):  VMThread "VM Thread"          [id=7568, stack(0x0000006f41800000,0x0000006f41900000) (1024K)]

Stack: [0x0000006f41800000,0x0000006f41900000]
Native frames: (J=compiled Java code, j=interpreted, Vv=VM code, C=native code)
V  [jvm.dll+0x6d78a9]
V  [jvm.dll+0x8665b3]
V  [jvm.dll+0x868bde]
V  [jvm.dll+0x8692c3]
V  [jvm.dll+0x280ee6]
V  [jvm.dll+0x6d4165]
V  [jvm.dll+0x6c77fa]
V  [jvm.dll+0x358f4b]
V  [jvm.dll+0x360bc6]
V  [jvm.dll+0x3b2ea6]
V  [jvm.dll+0x3b3178]
V  [jvm.dll+0x32b65c]
V  [jvm.dll+0x32b6e7]
V  [jvm.dll+0x3715cc]
V  [jvm.dll+0x36fd7e]
V  [jvm.dll+0x32adb1]
V  [jvm.dll+0x36f480]
V  [jvm.dll+0x86f048]
V  [jvm.dll+0x870394]
V  [jvm.dll+0x8708d0]
V  [jvm.dll+0x870b63]
V  [jvm.dll+0x80fd28]
V  [jvm.dll+0x6d60fd]
C  [ucrtbase.dll+0x21bb2]
C  [KERNEL32.DLL+0x17374]
C  [ntdll.dll+0x4cc91]

VM_Operation (0x0000006f43efa6f0): G1CollectForAllocation, mode: safepoint, requested by thread 0x0000023028b59b50


---------------  P R O C E S S  ---------------

Threads class SMR info:
_java_thread_list=0x00000230289c1a80, length=64, elements={
0x0000023078a63350, 0x000002307ea905a0, 0x000002307ea93010, 0x000002307ea94210,
0x000002307ea94ef0, 0x000002307ea95950, 0x000002307eacadb0, 0x000002307eacb810,
0x000002307eab6500, 0x000002307ead07d0, 0x000002307ee8d210, 0x0000023017303a50,
0x0000023016700b80, 0x0000023015ea9010, 0x0000023016a39aa0, 0x0000023016a39410,
0x0000023016a3a130, 0x00000230170b5040, 0x00000230170b4320, 0x00000230170b0ea0,
0x00000230170b77a0, 0x00000230170b6a80, 0x00000230170b5d60, 0x00000230170b84c0,
0x00000230155a0920, 0x000002307eeccc50, 0x000002307eecd970, 0x000002301fc8e9f0,
0x000002301fc8cfb0, 0x0000023028b67a70, 0x00000230270ce5b0, 0x0000023020c35b00,
0x00000230270e7c90, 0x000002302b4dde50, 0x000002302b4eca90, 0x000002302b4ebd70,
0x000002307eecfa40, 0x000002301faaeac0, 0x000002302b4dff20, 0x000002302b4ede40,
0x0000023028b61e90, 0x0000023028b4cfe0, 0x0000023028b52530, 0x0000023028b4f740,
0x0000023028b4fdd0, 0x0000023028b53250, 0x0000023028b54600, 0x0000023028b4d670,
0x0000023028b55320, 0x0000023028b4e390, 0x0000023028b5c2b0, 0x0000023028b57a80,
0x0000023028b573f0, 0x0000023028b5bc20, 0x0000023028b559b0, 0x0000023028b58e30,
0x0000023028b594c0, 0x0000023028b5cfd0, 0x0000023028b59b50, 0x0000023028b58110,
0x0000023028b5a1e0, 0x0000023028b56040, 0x0000023028b5a870, 0x0000023028b5c940
}

Java Threads: ( => current thread )
  0x0000023078a63350 JavaThread "main"                              [_thread_blocked, id=9800, stack(0x0000006f41100000,0x0000006f41200000) (1024K)]
  0x000002307ea905a0 JavaThread "Common-Cleaner"             daemon [_thread_blocked, id=9148, stack(0x0000006f41900000,0x0000006f41a00000) (1024K)]
  0x000002307ea93010 JavaThread "Reference Handler"          daemon [_thread_blocked, id=11172, stack(0x0000006f41a00000,0x0000006f41b00000) (1024K)]
  0x000002307ea94210 JavaThread "Finalizer"                  daemon [_thread_blocked, id=11160, stack(0x0000006f41b00000,0x0000006f41c00000) (1024K)]
  0x000002307ea94ef0 JavaThread "Signal Dispatcher"          daemon [_thread_blocked, id=6724, stack(0x0000006f41c00000,0x0000006f41d00000) (1024K)]
  0x000002307ea95950 JavaThread "Attach Listener"            daemon [_thread_blocked, id=8092, stack(0x0000006f41d00000,0x0000006f41e00000) (1024K)]
  0x000002307eacadb0 JavaThread "Service Thread"             daemon [_thread_blocked, id=7320, stack(0x0000006f41e00000,0x0000006f41f00000) (1024K)]
  0x000002307eacb810 JavaThread "Monitor Deflation Thread"   daemon [_thread_blocked, id=7312, stack(0x0000006f41f00000,0x0000006f42000000) (1024K)]
  0x000002307eab6500 JavaThread "C2 CompilerThread0"         daemon [_thread_blocked, id=7812, stack(0x0000006f42000000,0x0000006f42100000) (1024K)]
  0x000002307ead07d0 JavaThread "C1 CompilerThread0"         daemon [_thread_blocked, id=8948, stack(0x0000006f42100000,0x0000006f42200000) (1024K)]
  0x000002307ee8d210 JavaThread "Notification Thread"        daemon [_thread_blocked, id=1500, stack(0x0000006f42200000,0x0000006f42300000) (1024K)]
  0x0000023017303a50 JavaThread "Daemon health stats"               [_thread_blocked, id=6348, stack(0x0000006f42300000,0x0000006f42400000) (1024K)]
  0x0000023016700b80 JavaThread "Incoming local TCP Connector on port 49921"        [_thread_in_native, id=1508, stack(0x0000006f42700000,0x0000006f42800000) (1024K)]
  0x0000023015ea9010 JavaThread "Daemon periodic checks"            [_thread_blocked, id=2816, stack(0x0000006f42800000,0x0000006f42900000) (1024K)]
  0x0000023016a39aa0 JavaThread "Cache worker for journal cache (C:\Users\E-TIME\.gradle\caches\journal-1)"        [_thread_blocked, id=9828, stack(0x0000006f43000000,0x0000006f43100000) (1024K)]
  0x0000023016a39410 JavaThread "File lock request listener"        [_thread_in_native, id=1560, stack(0x0000006f43100000,0x0000006f43200000) (1024K)]
  0x0000023016a3a130 JavaThread "Cache worker for file hash cache (C:\Users\E-TIME\.gradle\caches\9.4.1\fileHashes)"        [_thread_blocked, id=3016, stack(0x0000006f43300000,0x0000006f43400000) (1024K)]
  0x00000230170b5040 JavaThread "File watcher server"        daemon [_thread_blocked, id=12312, stack(0x0000006f43500000,0x0000006f43600000) (1024K)]
  0x00000230170b4320 JavaThread "File watcher consumer"      daemon [_thread_blocked, id=12224, stack(0x0000006f43600000,0x0000006f43700000) (1024K)]
  0x00000230170b0ea0 JavaThread "jar transforms"                    [_thread_blocked, id=920, stack(0x0000006f43800000,0x0000006f43900000) (1024K)]
  0x00000230170b77a0 JavaThread "jar transforms Thread 2"           [_thread_blocked, id=8512, stack(0x0000006f43900000,0x0000006f43a00000) (1024K)]
  0x00000230170b6a80 JavaThread "jar transforms Thread 3"           [_thread_blocked, id=4340, stack(0x0000006f43a00000,0x0000006f43b00000) (1024K)]
  0x00000230170b5d60 JavaThread "jar transforms Thread 4"           [_thread_blocked, id=1160, stack(0x0000006f43b00000,0x0000006f43c00000) (1024K)]
  0x00000230170b84c0 JavaThread "Cache worker for file content cache (C:\Users\E-TIME\.gradle\caches\9.4.1\fileContent)"        [_thread_blocked, id=12188, stack(0x0000006f43700000,0x0000006f43800000) (1024K)]
  0x00000230155a0920 JavaThread "Memory manager"                    [_thread_blocked, id=10648, stack(0x0000006f43c00000,0x0000006f43d00000) (1024K)]
  0x000002307eeccc50 JavaThread "pool-3-thread-1"                   [_thread_blocked, id=13068, stack(0x0000006f44400000,0x0000006f44500000) (1024K)]
  0x000002307eecd970 JavaThread "pool-6-thread-1"                   [_thread_blocked, id=2200, stack(0x0000006f44300000,0x0000006f44400000) (1024K)]
  0x000002301fc8e9f0 JavaThread "pool-9-thread-1"                   [_thread_blocked, id=1688, stack(0x0000006f44700000,0x0000006f44800000) (1024K)]
  0x000002301fc8cfb0 JavaThread "pool-12-thread-1"                  [_thread_blocked, id=6704, stack(0x0000006f44a00000,0x0000006f44b00000) (1024K)]
  0x0000023028b67a70 JavaThread "RMI Scheduler(0)"           daemon [_thread_blocked, id=12216, stack(0x0000006f45300000,0x0000006f45400000) (1024K)]
  0x00000230270ce5b0 JavaThread "RMI TCP Accept-0"           daemon [_thread_in_native, id=10812, stack(0x0000006f42a00000,0x0000006f42b00000) (1024K)]
  0x0000023020c35b00 JavaThread "pool-16-thread-1"                  [_thread_blocked, id=11004, stack(0x0000006f44600000,0x0000006f44700000) (1024K)]
  0x00000230270e7c90 JavaThread "pool-19-thread-1"                  [_thread_blocked, id=12032, stack(0x0000006f44c00000,0x0000006f44d00000) (1024K)]
  0x000002302b4dde50 JavaThread "Cache worker for Java compile cache (C:\Users\E-TIME\.gradle\caches\9.4.1\javaCompile)"        [_thread_blocked, id=12052, stack(0x0000006f46100000,0x0000006f46200000) (1024K)]
  0x000002302b4eca90 JavaThread "pool-23-thread-1"                  [_thread_blocked, id=4800, stack(0x0000006f44d00000,0x0000006f44e00000) (1024K)]
  0x000002302b4ebd70 JavaThread "pool-27-thread-1"                  [_thread_blocked, id=3040, stack(0x0000006f44e00000,0x0000006f44f00000) (1024K)]
  0x000002307eecfa40 JavaThread "pool-31-thread-1"                  [_thread_blocked, id=4628, stack(0x0000006f44f00000,0x0000006f45000000) (1024K)]
  0x000002301faaeac0 JavaThread "pool-33-thread-1"                  [_thread_blocked, id=12740, stack(0x0000006f45100000,0x0000006f45200000) (1024K)]
  0x000002302b4dff20 JavaThread "pool-38-thread-1"                  [_thread_blocked, id=8644, stack(0x0000006f44200000,0x0000006f44300000) (1024K)]
  0x000002302b4ede40 JavaThread "pool-40-thread-1"                  [_thread_blocked, id=9936, stack(0x0000006f45200000,0x0000006f45300000) (1024K)]
  0x0000023028b61e90 JavaThread "pool-44-thread-1"                  [_thread_blocked, id=13584, stack(0x0000006f45600000,0x0000006f45700000) (1024K)]
  0x0000023028b4cfe0 JavaThread "pool-47-thread-1"                  [_thread_blocked, id=12556, stack(0x0000006f44800000,0x0000006f44900000) (1024K)]
  0x0000023028b52530 JavaThread "Daemon Thread 13"                  [_thread_blocked, id=14952, stack(0x0000006f40e00000,0x0000006f40f00000) (1024K)]
  0x0000023028b4f740 JavaThread "Handler for socket connection from /127.0.0.1:49921 to /127.0.0.1:50976"        [_thread_in_native, id=17368, stack(0x0000006f40f00000,0x0000006f41000000) (1024K)]
  0x0000023028b4fdd0 JavaThread "Cancel handler"                    [_thread_blocked, id=13992, stack(0x0000006f41000000,0x0000006f41100000) (1024K)]
  0x0000023028b53250 JavaThread "Daemon worker Thread 12"           [_thread_blocked, id=11520, stack(0x0000006f42900000,0x0000006f42a00000) (1024K)]
  0x0000023028b54600 JavaThread "Asynchronous log dispatcher for DefaultDaemonConnection: socket connection from /127.0.0.1:49921 to /127.0.0.1:50976"        [_thread_blocked, id=14968, stack(0x0000006f42b00000,0x0000006f42c00000) (1024K)]
  0x0000023028b4d670 JavaThread "Stdin handler"                     [_thread_blocked, id=17272, stack(0x0000006f42c00000,0x0000006f42d00000) (1024K)]
  0x0000023028b55320 JavaThread "Daemon client event forwarder"        [_thread_blocked, id=15676, stack(0x0000006f42d00000,0x0000006f42e00000) (1024K)]
  0x0000023028b4e390 JavaThread "Cache worker for file hash cache (E:\invoiceGenerator\.gradle\9.4.1\fileHashes)"        [_thread_blocked, id=12140, stack(0x0000006f42e00000,0x0000006f42f00000) (1024K)]
  0x0000023028b5c2b0 JavaThread "Cache worker for checksums cache (E:\invoiceGenerator\.gradle\9.4.1\checksums)"        [_thread_blocked, id=9152, stack(0x0000006f42f00000,0x0000006f43000000) (1024K)]
  0x0000023028b57a80 JavaThread "Cache worker for Build Output Cleanup Cache (E:\invoiceGenerator\.gradle\buildOutputCleanup)"        [_thread_blocked, id=4052, stack(0x0000006f43200000,0x0000006f43300000) (1024K)]
  0x0000023028b573f0 JavaThread "Cache worker for cache directory md-supplier (C:\Users\E-TIME\.gradle\caches\9.4.1\md-supplier)"        [_thread_blocked, id=16204, stack(0x0000006f43400000,0x0000006f43500000) (1024K)]
  0x0000023028b5bc20 JavaThread "Cache worker for cache directory md-rule (C:\Users\E-TIME\.gradle\caches\9.4.1\md-rule)"        [_thread_blocked, id=12812, stack(0x0000006f43d00000,0x0000006f43e00000) (1024K)]
  0x0000023028b559b0 JavaThread "build event listener"              [_thread_blocked, id=2328, stack(0x0000006f43f00000,0x0000006f44000000) (1024K)]
  0x0000023028b58e30 JavaThread "build event listener"              [_thread_blocked, id=13388, stack(0x0000006f44000000,0x0000006f44100000) (1024K)]
  0x0000023028b594c0 JavaThread "build event listener"              [_thread_blocked, id=11632, stack(0x0000006f44100000,0x0000006f44200000) (1024K)]
  0x0000023028b5cfd0 JavaThread "Build operations"                  [_thread_blocked, id=14752, stack(0x0000006f44500000,0x0000006f44600000) (1024K)]
  0x0000023028b59b50 JavaThread "included builds"                   [_thread_blocked, id=14516, stack(0x0000006f43e00000,0x0000006f43f00000) (1024K)]
  0x0000023028b58110 JavaThread "Execution worker"                  [_thread_blocked, id=13500, stack(0x0000006f44900000,0x0000006f44a00000) (1024K)]
  0x0000023028b5a1e0 JavaThread "Execution worker Thread 2"         [_thread_blocked, id=13976, stack(0x0000006f44b00000,0x0000006f44c00000) (1024K)]
  0x0000023028b56040 JavaThread "Execution worker Thread 3"         [_thread_blocked, id=3276, stack(0x0000006f45000000,0x0000006f45100000) (1024K)]
  0x0000023028b5a870 JavaThread "Cache worker for execution history cache (E:\invoiceGenerator\.gradle\9.4.1\executionHistory)"        [_thread_blocked, id=12536, stack(0x0000006f45400000,0x0000006f45500000) (1024K)]
  0x0000023028b5c940 JavaThread "pool-49-thread-1"                  [_thread_blocked, id=10948, stack(0x0000006f45500000,0x0000006f45600000) (1024K)]
Total: 64

Other Threads:
=>0x000002307681cfc0 VMThread "VM Thread"                           [id=7568, stack(0x0000006f41800000,0x0000006f41900000) (1024K)]
  0x000002307e884740 WatcherThread "VM Periodic Task Thread"        [id=7588, stack(0x0000006f41700000,0x0000006f41800000) (1024K)]
  0x0000023078ab93b0 WorkerThread "GC Thread#0"                     [id=6984, stack(0x0000006f41200000,0x0000006f41300000) (1024K)]
  0x000002307681d370 WorkerThread "GC Thread#1"                     [id=3048, stack(0x0000006f42400000,0x0000006f42500000) (1024K)]
  0x000002307681dad0 WorkerThread "GC Thread#2"                     [id=3092, stack(0x0000006f42500000,0x0000006f42600000) (1024K)]
  0x0000023015539ab0 WorkerThread "GC Thread#3"                     [id=3204, stack(0x0000006f42600000,0x0000006f42700000) (1024K)]
  0x0000023078acc280 ConcurrentGCThread "G1 Main Marker"            [id=6972, stack(0x0000006f41300000,0x0000006f41400000) (1024K)]
  0x0000023078acdb50 WorkerThread "G1 Conc#0"                       [id=6064, stack(0x0000006f41400000,0x0000006f41500000) (1024K)]
  0x000002307e75b5d0 ConcurrentGCThread "G1 Refine#0"               [id=8796, stack(0x0000006f41500000,0x0000006f41600000) (1024K)]
  0x000002307e75bf00 ConcurrentGCThread "G1 Service"                [id=13136, stack(0x0000006f41600000,0x0000006f41700000) (1024K)]
Total: 10

Threads with active compile tasks:
C2 CompilerThread0  22536720 55277       4       com.android.utils.XmlUtils::append (597 bytes)
Total: 1

VM state: at safepoint (normal execution)

VM Mutex/Monitor currently owned by a thread:  ([mutex/lock_event])
[0x00007ffef3ca86d0] Threads_lock - owner thread: 0x000002307681cfc0
[0x00007ffef3ca87d0] Heap_lock - owner thread: 0x0000023028b59b50

Heap address: 0x0000000080000000, size: 2048 MB, Compressed Oops mode: 32-bit

CDS archive(s) not mapped
Compressed class space mapped at: 0x0000000100000000-0x0000000140000000, reserved size: 1073741824
Narrow klass base: 0x0000000000000000, Narrow klass shift: 3, Narrow klass range: 0x140000000

GC Precious Log:
 CardTable entry size: 512
 Card Set container configuration: InlinePtr #cards 5 size 8 Array Of Cards #cards 12 size 40 Howl #buckets 4 coarsen threshold 1843 Howl Bitmap #cards 512 size 80 coarsen threshold 460 Card regions per heap region 1 cards per card region 2048
 CPUs: 4 total, 4 available
 Memory: 7820M
 Large Page Support: Disabled
 NUMA Support: Disabled
 Compressed Oops: Enabled (32-bit)
 Heap Region Size: 1M
 Heap Min Capacity: 8M
 Heap Initial Capacity: 124M
 Heap Max Capacity: 2G
 Pre-touch: Disabled
 Parallel Workers: 4
 Concurrent Workers: 1
 Concurrent Refinement Workers: 4
 Periodic GC: Disabled

Heap:
 garbage-first heap   total 601088K, used 215681K [0x0000000080000000, 0x0000000100000000)
  region size 1024K, 37 young (37888K), 37 survivors (37888K)
 Metaspace       used 307442K, committed 309760K, reserved 1376256K
  class space    used 39072K, committed 40256K, reserved 1048576K

Heap Regions: E=young(eden), S=young(survivor), O=old, HS=humongous(starts), HC=humongous(continues), CS=collection set, F=free, TAMS=top-at-mark-start, PB=parsable bottom
|   0|0x0000000080000000, 0x0000000080100000, 0x0000000080100000|100%|HS|  |TAMS 0x0000000080000000| PB 0x0000000080000000| Complete 
|   1|0x0000000080100000, 0x0000000080200000, 0x0000000080200000|100%|HC|  |TAMS 0x0000000080100000| PB 0x0000000080100000| Complete 
|   2|0x0000000080200000, 0x0000000080300000, 0x0000000080300000|100%|HC|  |TAMS 0x0000000080200000| PB 0x0000000080200000| Complete 
|   3|0x0000000080300000, 0x0000000080400000, 0x0000000080400000|100%|HC|  |TAMS 0x0000000080300000| PB 0x0000000080300000| Complete 
|   4|0x0000000080400000, 0x00000000804fffc0, 0x0000000080500000| 99%| O|  |TAMS 0x0000000080400000| PB 0x0000000080400000| Untracked 
|   5|0x0000000080500000, 0x0000000080600000, 0x0000000080600000|100%| O|  |TAMS 0x0000000080500000| PB 0x0000000080500000| Untracked 
|   6|0x0000000080600000, 0x00000000806fff48, 0x0000000080700000| 99%| O|  |TAMS 0x0000000080600000| PB 0x0000000080600000| Untracked 
|   7|0x0000000080700000, 0x00000000807fd7d8, 0x0000000080800000| 99%| O|  |TAMS 0x0000000080700000| PB 0x0000000080700000| Untracked 
|   8|0x0000000080800000, 0x0000000080900000, 0x0000000080900000|100%|HS|  |TAMS 0x0000000080800000| PB 0x0000000080800000| Complete 
|   9|0x0000000080900000, 0x0000000080a00000, 0x0000000080a00000|100%| O|  |TAMS 0x0000000080900000| PB 0x0000000080900000| Untracked 
|  10|0x0000000080a00000, 0x0000000080affff8, 0x0000000080b00000| 99%| O|  |TAMS 0x0000000080a00000| PB 0x0000000080a00000| Untracked 
|  11|0x0000000080b00000, 0x0000000080c00000, 0x0000000080c00000|100%| O|  |TAMS 0x0000000080b00000| PB 0x0000000080b00000| Untracked 
|  12|0x0000000080c00000, 0x0000000080d00000, 0x0000000080d00000|100%| O|  |TAMS 0x0000000080c00000| PB 0x0000000080c00000| Untracked 
|  13|0x0000000080d00000, 0x0000000080dfffe0, 0x0000000080e00000| 99%| O|  |TAMS 0x0000000080d00000| PB 0x0000000080d00000| Untracked 
|  14|0x0000000080e00000, 0x0000000080effff0, 0x0000000080f00000| 99%| O|  |TAMS 0x0000000080e00000| PB 0x0000000080e00000| Untracked 
|  15|0x0000000080f00000, 0x0000000080fffff8, 0x0000000081000000| 99%| O|  |TAMS 0x0000000080f00000| PB 0x0000000080f00000| Untracked 
|  16|0x0000000081000000, 0x00000000810ffff8, 0x0000000081100000| 99%| O|  |TAMS 0x0000000081000000| PB 0x0000000081000000| Untracked 
|  17|0x0000000081100000, 0x00000000811ffff0, 0x0000000081200000| 99%| O|  |TAMS 0x0000000081100000| PB 0x0000000081100000| Untracked 
|  18|0x0000000081200000, 0x00000000812fff90, 0x0000000081300000| 99%| O|  |TAMS 0x0000000081200000| PB 0x0000000081200000| Untracked 
|  19|0x0000000081300000, 0x00000000813fffe8, 0x0000000081400000| 99%| O|  |TAMS 0x0000000081300000| PB 0x0000000081300000| Untracked 
|  20|0x0000000081400000, 0x00000000814ffc30, 0x0000000081500000| 99%| O|  |TAMS 0x0000000081400000| PB 0x0000000081400000| Untracked 
|  21|0x0000000081500000, 0x00000000815fe900, 0x0000000081600000| 99%| O|  |TAMS 0x0000000081500000| PB 0x0000000081500000| Untracked 
|  22|0x0000000081600000, 0x0000000081700000, 0x0000000081700000|100%|HS|  |TAMS 0x0000000081600000| PB 0x0000000081600000| Complete 
|  23|0x0000000081700000, 0x00000000817f8b30, 0x0000000081800000| 97%| O|  |TAMS 0x0000000081700000| PB 0x0000000081700000| Untracked 
|  24|0x0000000081800000, 0x0000000081900000, 0x0000000081900000|100%|HS|  |TAMS 0x0000000081800000| PB 0x0000000081800000| Complete 
|  25|0x0000000081900000, 0x0000000081a00000, 0x0000000081a00000|100%|HC|  |TAMS 0x0000000081900000| PB 0x0000000081900000| Complete 
|  26|0x0000000081a00000, 0x0000000081b00000, 0x0000000081b00000|100%|HC|  |TAMS 0x0000000081a00000| PB 0x0000000081a00000| Complete 
|  27|0x0000000081b00000, 0x0000000081c00000, 0x0000000081c00000|100%|HC|  |TAMS 0x0000000081b00000| PB 0x0000000081b00000| Complete 
|  28|0x0000000081c00000, 0x0000000081d00000, 0x0000000081d00000|100%|HC|  |TAMS 0x0000000081c00000| PB 0x0000000081c00000| Complete 
|  29|0x0000000081d00000, 0x0000000081e00000, 0x0000000081e00000|100%|HC|  |TAMS 0x0000000081d00000| PB 0x0000000081d00000| Complete 
|  30|0x0000000081e00000, 0x0000000081f00000, 0x0000000081f00000|100%|HS|  |TAMS 0x0000000081e00000| PB 0x0000000081e00000| Complete 
|  31|0x0000000081f00000, 0x0000000082000000, 0x0000000082000000|100%|HS|  |TAMS 0x0000000081f00000| PB 0x0000000081f00000| Complete 
|  32|0x0000000082000000, 0x0000000082100000, 0x0000000082100000|100%|HC|  |TAMS 0x0000000082000000| PB 0x0000000082000000| Complete 
|  33|0x0000000082100000, 0x0000000082200000, 0x0000000082200000|100%|HC|  |TAMS 0x0000000082100000| PB 0x0000000082100000| Complete 
|  34|0x0000000082200000, 0x0000000082300000, 0x0000000082300000|100%|HC|  |TAMS 0x0000000082200000| PB 0x0000000082200000| Complete 
|  35|0x0000000082300000, 0x0000000082400000, 0x0000000082400000|100%|HC|  |TAMS 0x0000000082300000| PB 0x0000000082300000| Complete 
|  36|0x0000000082400000, 0x0000000082500000, 0x0000000082500000|100%|HC|  |TAMS 0x0000000082400000| PB 0x0000000082400000| Complete 
|  37|0x0000000082500000, 0x0000000082600000, 0x0000000082600000|100%|HS|  |TAMS 0x0000000082500000| PB 0x0000000082500000| Complete 
|  38|0x0000000082600000, 0x0000000082700000, 0x0000000082700000|100%|HS|  |TAMS 0x0000000082600000| PB 0x0000000082600000| Complete 
|  39|0x0000000082700000, 0x00000000827ffff0, 0x0000000082800000| 99%| O|  |TAMS 0x0000000082700000| PB 0x0000000082700000| Untracked 
|  40|0x0000000082800000, 0x00000000828fffe8, 0x0000000082900000| 99%| O|  |TAMS 0x0000000082800000| PB 0x0000000082800000| Untracked 
|  41|0x0000000082900000, 0x0000000082a00000, 0x0000000082a00000|100%| O|  |TAMS 0x0000000082900000| PB 0x0000000082900000| Untracked 
|  42|0x0000000082a00000, 0x0000000082afffa8, 0x0000000082b00000| 99%| O|  |TAMS 0x0000000082a00000| PB 0x0000000082a00000| Untracked 
|  43|0x0000000082b00000, 0x0000000082c00000, 0x0000000082c00000|100%| O|  |TAMS 0x0000000082b00000| PB 0x0000000082b00000| Untracked 
|  44|0x0000000082c00000, 0x0000000082cfffc8, 0x0000000082d00000| 99%| O|  |TAMS 0x0000000082c00000| PB 0x0000000082c00000| Untracked 
|  45|0x0000000082d00000, 0x0000000082dff4f0, 0x0000000082e00000| 99%| O|  |TAMS 0x0000000082d00000| PB 0x0000000082d00000| Untracked 
|  46|0x0000000082e00000, 0x0000000082effff0, 0x0000000082f00000| 99%| O|  |TAMS 0x0000000082e00000| PB 0x0000000082e00000| Untracked 
|  47|0x0000000082f00000, 0x0000000082ffd2b8, 0x0000000083000000| 98%| O|  |TAMS 0x0000000082f00000| PB 0x0000000082f00000| Untracked 
|  48|0x0000000083000000, 0x00000000830ffff8, 0x0000000083100000| 99%| O|  |TAMS 0x0000000083000000| PB 0x0000000083000000| Untracked 
|  49|0x0000000083100000, 0x00000000831ffff0, 0x0000000083200000| 99%| O|  |TAMS 0x0000000083100000| PB 0x0000000083100000| Untracked 
|  50|0x0000000083200000, 0x00000000832ffff0, 0x0000000083300000| 99%| O|  |TAMS 0x0000000083200000| PB 0x0000000083200000| Untracked 
|  51|0x0000000083300000, 0x00000000833fffe8, 0x0000000083400000| 99%| O|  |TAMS 0x0000000083300000| PB 0x0000000083300000| Untracked 
|  52|0x0000000083400000, 0x0000000083500000, 0x0000000083500000|100%| O|  |TAMS 0x0000000083400000| PB 0x0000000083400000| Untracked 
|  53|0x0000000083500000, 0x00000000835fffe0, 0x0000000083600000| 99%| O|  |TAMS 0x0000000083500000| PB 0x0000000083500000| Untracked 
|  54|0x0000000083600000, 0x00000000836fffc8, 0x0000000083700000| 99%| O|  |TAMS 0x0000000083600000| PB 0x0000000083600000| Untracked 
|  55|0x0000000083700000, 0x0000000083800000, 0x0000000083800000|100%|HS|  |TAMS 0x0000000083700000| PB 0x0000000083700000| Complete 
|  56|0x0000000083800000, 0x00000000838fffd8, 0x0000000083900000| 99%| O|  |TAMS 0x0000000083800000| PB 0x0000000083800000| Untracked 
|  57|0x0000000083900000, 0x00000000839fffe8, 0x0000000083a00000| 99%| O|  |TAMS 0x0000000083900000| PB 0x0000000083900000| Untracked 
|  58|0x0000000083a00000, 0x0000000083affff0, 0x0000000083b00000| 99%| O|  |TAMS 0x0000000083a00000| PB 0x0000000083a00000| Untracked 
|  59|0x0000000083b00000, 0x0000000083bfffd8, 0x0000000083c00000| 99%| O|  |TAMS 0x0000000083b00000| PB 0x0000000083b00000| Untracked 
|  60|0x0000000083c00000, 0x0000000083cfffd8, 0x0000000083d00000| 99%| O|  |TAMS 0x0000000083c00000| PB 0x0000000083c00000| Untracked 
|  61|0x0000000083d00000, 0x0000000083dfed00, 0x0000000083e00000| 99%| O|  |TAMS 0x0000000083d00000| PB 0x0000000083d00000| Untracked 
|  62|0x0000000083e00000, 0x0000000083f00000, 0x0000000083f00000|100%| O|  |TAMS 0x0000000083e00000| PB 0x0000000083e00000| Untracked 
|  63|0x0000000083f00000, 0x0000000083fffff0, 0x0000000084000000| 99%| O|  |TAMS 0x0000000083f00000| PB 0x0000000083f00000| Untracked 
|  64|0x0000000084000000, 0x00000000840fffd8, 0x0000000084100000| 99%| O|  |TAMS 0x0000000084000000| PB 0x0000000084000000| Untracked 
|  65|0x0000000084100000, 0x00000000841ffff8, 0x0000000084200000| 99%| O|  |TAMS 0x0000000084100000| PB 0x0000000084100000| Untracked 
|  66|0x0000000084200000, 0x00000000842ffff0, 0x0000000084300000| 99%| O|  |TAMS 0x0000000084200000| PB 0x0000000084200000| Untracked 
|  67|0x0000000084300000, 0x00000000843ffff0, 0x0000000084400000| 99%| O|  |TAMS 0x0000000084300000| PB 0x0000000084300000| Untracked 
|  68|0x0000000084400000, 0x0000000084500000, 0x0000000084500000|100%| O|  |TAMS 0x0000000084400000| PB 0x0000000084400000| Untracked 
|  69|0x0000000084500000, 0x00000000845fffe0, 0x0000000084600000| 99%| O|  |TAMS 0x0000000084500000| PB 0x0000000084500000| Untracked 
|  70|0x0000000084600000, 0x00000000846ffff0, 0x0000000084700000| 99%| O|  |TAMS 0x0000000084600000| PB 0x0000000084600000| Untracked 
|  71|0x0000000084700000, 0x0000000084800000, 0x0000000084800000|100%| O|  |TAMS 0x0000000084700000| PB 0x0000000084700000| Untracked 
|  72|0x0000000084800000, 0x00000000848fffe0, 0x0000000084900000| 99%| O|  |TAMS 0x0000000084800000| PB 0x0000000084800000| Untracked 
|  73|0x0000000084900000, 0x00000000849fffc0, 0x0000000084a00000| 99%| O|  |TAMS 0x0000000084900000| PB 0x0000000084900000| Untracked 
|  74|0x0000000084a00000, 0x0000000084b00000, 0x0000000084b00000|100%| O|  |TAMS 0x0000000084a00000| PB 0x0000000084a00000| Untracked 
|  75|0x0000000084b00000, 0x0000000084c00000, 0x0000000084c00000|100%|HS|  |TAMS 0x0000000084b00000| PB 0x0000000084b00000| Complete 
|  76|0x0000000084c00000, 0x0000000084d00000, 0x0000000084d00000|100%|HS|  |TAMS 0x0000000084c00000| PB 0x0000000084c00000| Complete 
|  77|0x0000000084d00000, 0x0000000084e00000, 0x0000000084e00000|100%|HS|  |TAMS 0x0000000084d00000| PB 0x0000000084d00000| Complete 
|  78|0x0000000084e00000, 0x0000000084f00000, 0x0000000084f00000|100%|HC|  |TAMS 0x0000000084e00000| PB 0x0000000084e00000| Complete 
|  79|0x0000000084f00000, 0x0000000085000000, 0x0000000085000000|100%|HS|  |TAMS 0x0000000084f00000| PB 0x0000000084f00000| Complete 
|  80|0x0000000085000000, 0x0000000085100000, 0x0000000085100000|100%|HS|  |TAMS 0x0000000085000000| PB 0x0000000085000000| Complete 
|  81|0x0000000085100000, 0x0000000085200000, 0x0000000085200000|100%| O|  |TAMS 0x0000000085100000| PB 0x0000000085100000| Untracked 
|  82|0x0000000085200000, 0x0000000085300000, 0x0000000085300000|100%|HS|  |TAMS 0x0000000085200000| PB 0x0000000085200000| Complete 
|  83|0x0000000085300000, 0x0000000085400000, 0x0000000085400000|100%| O|  |TAMS 0x0000000085300000| PB 0x0000000085300000| Untracked 
|  84|0x0000000085400000, 0x00000000854fff78, 0x0000000085500000| 99%| O|  |TAMS 0x0000000085400000| PB 0x0000000085400000| Untracked 
|  85|0x0000000085500000, 0x00000000855ffff0, 0x0000000085600000| 99%| O|  |TAMS 0x0000000085500000| PB 0x0000000085500000| Untracked 
|  86|0x0000000085600000, 0x00000000856fffe0, 0x0000000085700000| 99%| O|  |TAMS 0x0000000085600000| PB 0x0000000085600000| Untracked 
|  87|0x0000000085700000, 0x00000000857fff70, 0x0000000085800000| 99%| O|  |TAMS 0x0000000085700000| PB 0x0000000085700000| Untracked 
|  88|0x0000000085800000, 0x0000000085900000, 0x0000000085900000|100%| O|  |TAMS 0x0000000085800000| PB 0x0000000085800000| Untracked 
|  89|0x0000000085900000, 0x0000000085a00000, 0x0000000085a00000|100%|HS|  |TAMS 0x0000000085900000| PB 0x0000000085900000| Complete 
|  90|0x0000000085a00000, 0x0000000085b00000, 0x0000000085b00000|100%|HC|  |TAMS 0x0000000085a00000| PB 0x0000000085a00000| Complete 
|  91|0x0000000085b00000, 0x0000000085bfffa0, 0x0000000085c00000| 99%| O|  |TAMS 0x0000000085b00000| PB 0x0000000085b00000| Untracked 
|  92|0x0000000085c00000, 0x0000000085d00000, 0x0000000085d00000|100%|HS|  |TAMS 0x0000000085c00000| PB 0x0000000085c00000| Complete 
|  93|0x0000000085d00000, 0x0000000085e00000, 0x0000000085e00000|100%| O|  |TAMS 0x0000000085d00000| PB 0x0000000085d00000| Untracked 
|  94|0x0000000085e00000, 0x0000000085efffc8, 0x0000000085f00000| 99%| O|  |TAMS 0x0000000085e00000| PB 0x0000000085e00000| Untracked 
|  95|0x0000000085f00000, 0x0000000085ffffb8, 0x0000000086000000| 99%| O|  |TAMS 0x0000000085f00000| PB 0x0000000085f00000| Untracked 
|  96|0x0000000086000000, 0x0000000086100000, 0x0000000086100000|100%| O|  |TAMS 0x0000000086000000| PB 0x0000000086000000| Untracked 
|  97|0x0000000086100000, 0x0000000086200000, 0x0000000086200000|100%| O|  |TAMS 0x0000000086100000| PB 0x0000000086100000| Untracked 
|  98|0x0000000086200000, 0x00000000862fff88, 0x0000000086300000| 99%| O|  |TAMS 0x0000000086200000| PB 0x0000000086200000| Untracked 
|  99|0x0000000086300000, 0x0000000086400000, 0x0000000086400000|100%| O|  |TAMS 0x0000000086300000| PB 0x0000000086300000| Untracked 
| 100|0x0000000086400000, 0x0000000086500000, 0x0000000086500000|100%| O|  |TAMS 0x0000000086400000| PB 0x0000000086400000| Untracked 
| 101|0x0000000086500000, 0x00000000865fffc8, 0x0000000086600000| 99%| O|  |TAMS 0x0000000086500000| PB 0x0000000086500000| Untracked 
| 102|0x0000000086600000, 0x00000000866ffc10, 0x0000000086700000| 99%| O|  |TAMS 0x0000000086600000| PB 0x0000000086600000| Untracked 
| 103|0x0000000086700000, 0x00000000867fffd8, 0x0000000086800000| 99%| O|  |TAMS 0x0000000086700000| PB 0x0000000086700000| Untracked 
| 104|0x0000000086800000, 0x00000000868ffff8, 0x0000000086900000| 99%| O|  |TAMS 0x0000000086800000| PB 0x0000000086800000| Untracked 
| 105|0x0000000086900000, 0x0000000086a00000, 0x0000000086a00000|100%| O|  |TAMS 0x0000000086900000| PB 0x0000000086900000| Untracked 
| 106|0x0000000086a00000, 0x0000000086afff80, 0x0000000086b00000| 99%| O|  |TAMS 0x0000000086a00000| PB 0x0000000086a00000| Untracked 
| 107|0x0000000086b00000, 0x0000000086bfffe8, 0x0000000086c00000| 99%| O|  |TAMS 0x0000000086b00000| PB 0x0000000086b00000| Untracked 
| 108|0x0000000086c00000, 0x0000000086cffff8, 0x0000000086d00000| 99%| O|  |TAMS 0x0000000086c00000| PB 0x0000000086c00000| Untracked 
| 109|0x0000000086d00000, 0x0000000086dffff8, 0x0000000086e00000| 99%| O|  |TAMS 0x0000000086d00000| PB 0x0000000086d00000| Untracked 
| 110|0x0000000086e00000, 0x0000000086effff0, 0x0000000086f00000| 99%| O|  |TAMS 0x0000000086e00000| PB 0x0000000086e00000| Untracked 
| 111|0x0000000086f00000, 0x0000000086ffffe8, 0x0000000087000000| 99%| O|  |TAMS 0x0000000086f00000| PB 0x0000000086f00000| Untracked 
| 112|0x0000000087000000, 0x00000000870ff9d8, 0x0000000087100000| 99%| O|  |TAMS 0x0000000087000000| PB 0x0000000087000000| Untracked 
| 113|0x0000000087100000, 0x0000000087200000, 0x0000000087200000|100%| O|  |TAMS 0x0000000087100000| PB 0x0000000087100000| Untracked 
| 114|0x0000000087200000, 0x00000000872fffe8, 0x0000000087300000| 99%| O|  |TAMS 0x0000000087200000| PB 0x0000000087200000| Untracked 
| 115|0x0000000087300000, 0x0000000087400000, 0x0000000087400000|100%| O|  |TAMS 0x0000000087300000| PB 0x0000000087300000| Untracked 
| 116|0x0000000087400000, 0x0000000087500000, 0x0000000087500000|100%| O|  |TAMS 0x0000000087400000| PB 0x0000000087400000| Untracked 
| 117|0x0000000087500000, 0x00000000875ffff8, 0x0000000087600000| 99%| O|  |TAMS 0x0000000087500000| PB 0x0000000087500000| Untracked 
| 118|0x0000000087600000, 0x0000000087700000, 0x0000000087700000|100%| O|  |TAMS 0x0000000087600000| PB 0x0000000087600000| Untracked 
| 119|0x0000000087700000, 0x00000000877ffff8, 0x0000000087800000| 99%| O|  |TAMS 0x0000000087700000| PB 0x0000000087700000| Untracked 
| 120|0x0000000087800000, 0x00000000878fffd0, 0x0000000087900000| 99%| O|  |TAMS 0x0000000087800000| PB 0x0000000087800000| Untracked 
| 121|0x0000000087900000, 0x00000000879fffb0, 0x0000000087a00000| 99%| O|  |TAMS 0x0000000087900000| PB 0x0000000087900000| Untracked 
| 122|0x0000000087a00000, 0x0000000087afffe8, 0x0000000087b00000| 99%| O|  |TAMS 0x0000000087a00000| PB 0x0000000087a00000| Untracked 
| 123|0x0000000087b00000, 0x0000000087bffcc0, 0x0000000087c00000| 99%| O|  |TAMS 0x0000000087b00000| PB 0x0000000087b00000| Untracked 
| 124|0x0000000087c00000, 0x0000000087d00000, 0x0000000087d00000|100%| O|  |TAMS 0x0000000087c00000| PB 0x0000000087c00000| Untracked 
| 125|0x0000000087d00000, 0x0000000087dfff98, 0x0000000087e00000| 99%| O|  |TAMS 0x0000000087d00000| PB 0x0000000087d00000| Untracked 
| 126|0x0000000087e00000, 0x0000000087efff90, 0x0000000087f00000| 99%| O|  |TAMS 0x0000000087e00000| PB 0x0000000087e00000| Untracked 
| 127|0x0000000087f00000, 0x0000000088000000, 0x0000000088000000|100%| O|  |TAMS 0x0000000087f00000| PB 0x0000000087f00000| Untracked 
| 128|0x0000000088000000, 0x00000000880e6b70, 0x0000000088100000| 90%| O|  |TAMS 0x0000000088000000| PB 0x0000000088000000| Untracked 
| 129|0x0000000088100000, 0x00000000881ffff8, 0x0000000088200000| 99%| O|  |TAMS 0x0000000088100000| PB 0x0000000088100000| Untracked 
| 130|0x0000000088200000, 0x0000000088300000, 0x0000000088300000|100%| O|  |TAMS 0x0000000088200000| PB 0x0000000088200000| Untracked 
| 131|0x0000000088300000, 0x00000000883fffd8, 0x0000000088400000| 99%| O|  |TAMS 0x0000000088300000| PB 0x0000000088300000| Untracked 
| 132|0x0000000088400000, 0x00000000884fffe0, 0x0000000088500000| 99%| O|  |TAMS 0x0000000088400000| PB 0x0000000088400000| Untracked 
| 133|0x0000000088500000, 0x00000000885ffff0, 0x0000000088600000| 99%| O|  |TAMS 0x0000000088500000| PB 0x0000000088500000| Untracked 
| 134|0x0000000088600000, 0x000000008868c798, 0x0000000088700000| 54%| O|  |TAMS 0x0000000088600000| PB 0x0000000088600000| Untracked 
| 135|0x0000000088700000, 0x0000000088800000, 0x0000000088800000|100%| O|  |TAMS 0x0000000088700000| PB 0x0000000088700000| Untracked 
| 136|0x0000000088800000, 0x00000000888fffe8, 0x0000000088900000| 99%| O|  |TAMS 0x0000000088800000| PB 0x0000000088800000| Untracked 
| 137|0x0000000088900000, 0x00000000889d14c8, 0x0000000088a00000| 81%| O|  |TAMS 0x0000000088900000| PB 0x0000000088900000| Untracked 
| 138|0x0000000088a00000, 0x0000000088affff0, 0x0000000088b00000| 99%| O|  |TAMS 0x0000000088a00000| PB 0x0000000088a00000| Untracked 
| 139|0x0000000088b00000, 0x0000000088bffff8, 0x0000000088c00000| 99%| O|  |TAMS 0x0000000088b00000| PB 0x0000000088b00000| Untracked 
| 140|0x0000000088c00000, 0x0000000088cface0, 0x0000000088d00000| 97%| O|  |TAMS 0x0000000088c00000| PB 0x0000000088c00000| Untracked 
| 141|0x0000000088d00000, 0x0000000088dfffb8, 0x0000000088e00000| 99%| O|  |TAMS 0x0000000088d00000| PB 0x0000000088d00000| Untracked 
| 142|0x0000000088e00000, 0x0000000088ee93f0, 0x0000000088f00000| 91%| O|  |TAMS 0x0000000088e00000| PB 0x0000000088e00000| Untracked 
| 143|0x0000000088f00000, 0x0000000088fffff0, 0x0000000089000000| 99%| O|  |TAMS 0x0000000088f00000| PB 0x0000000088f00000| Untracked 
| 144|0x0000000089000000, 0x00000000890fffc8, 0x0000000089100000| 99%| O|  |TAMS 0x0000000089000000| PB 0x0000000089000000| Untracked 
| 145|0x0000000089100000, 0x0000000089100000, 0x0000000089200000|  0%| F|  |TAMS 0x0000000089100000| PB 0x0000000089100000| Untracked 
| 146|0x0000000089200000, 0x00000000892ffff0, 0x0000000089300000| 99%| O|  |TAMS 0x0000000089200000| PB 0x0000000089200000| Untracked 
| 147|0x0000000089300000, 0x00000000893fffd8, 0x0000000089400000| 99%| O|  |TAMS 0x0000000089300000| PB 0x0000000089300000| Untracked 
| 148|0x0000000089400000, 0x00000000894fffe0, 0x0000000089500000| 99%| O|  |TAMS 0x0000000089400000| PB 0x0000000089400000| Untracked 
| 149|0x0000000089500000, 0x0000000089600000, 0x0000000089600000|100%| O|  |TAMS 0x0000000089500000| PB 0x0000000089500000| Untracked 
| 150|0x0000000089600000, 0x00000000896ffff8, 0x0000000089700000| 99%| O|  |TAMS 0x0000000089600000| PB 0x0000000089600000| Untracked 
| 151|0x0000000089700000, 0x00000000897ffff8, 0x0000000089800000| 99%| O|  |TAMS 0x0000000089700000| PB 0x0000000089700000| Untracked 
| 152|0x0000000089800000, 0x00000000898dd4f8, 0x0000000089900000| 86%| O|  |TAMS 0x0000000089800000| PB 0x0000000089800000| Untracked 
| 153|0x0000000089900000, 0x00000000899bb3b0, 0x0000000089a00000| 73%| O|  |TAMS 0x0000000089900000| PB 0x0000000089900000| Untracked 
| 154|0x0000000089a00000, 0x0000000089afffc0, 0x0000000089b00000| 99%| O|  |TAMS 0x0000000089a00000| PB 0x0000000089a00000| Untracked 
| 155|0x0000000089b00000, 0x0000000089bfffd8, 0x0000000089c00000| 99%| O|  |TAMS 0x0000000089b00000| PB 0x0000000089b00000| Untracked 
| 156|0x0000000089c00000, 0x0000000089cfba40, 0x0000000089d00000| 98%| O|  |TAMS 0x0000000089c00000| PB 0x0000000089c00000| Untracked 
| 157|0x0000000089d00000, 0x0000000089dfff40, 0x0000000089e00000| 99%| O|  |TAMS 0x0000000089d00000| PB 0x0000000089d00000| Untracked 
| 158|0x0000000089e00000, 0x0000000089ec71d0, 0x0000000089f00000| 77%| O|  |TAMS 0x0000000089e00000| PB 0x0000000089e00000| Untracked 
| 159|0x0000000089f00000, 0x0000000089f00000, 0x000000008a000000|  0%| F|  |TAMS 0x0000000089f00000| PB 0x0000000089f00000| Untracked 
| 160|0x000000008a000000, 0x000000008a000000, 0x000000008a100000|  0%| F|  |TAMS 0x000000008a000000| PB 0x000000008a000000| Untracked 
| 161|0x000000008a100000, 0x000000008a1ffff0, 0x000000008a200000| 99%| O|  |TAMS 0x000000008a100000| PB 0x000000008a100000| Untracked 
| 162|0x000000008a200000, 0x000000008a2fffe8, 0x000000008a300000| 99%| O|  |TAMS 0x000000008a200000| PB 0x000000008a200000| Untracked 
| 163|0x000000008a300000, 0x000000008a380ca8, 0x000000008a400000| 50%| O|  |TAMS 0x000000008a300000| PB 0x000000008a300000| Untracked 
| 164|0x000000008a400000, 0x000000008a42d8a0, 0x000000008a500000| 17%| O|  |TAMS 0x000000008a400000| PB 0x000000008a400000| Untracked 
| 165|0x000000008a500000, 0x000000008a500000, 0x000000008a600000|  0%| F|  |TAMS 0x000000008a500000| PB 0x000000008a500000| Untracked 
| 166|0x000000008a600000, 0x000000008a6ffff0, 0x000000008a700000| 99%| O|  |TAMS 0x000000008a600000| PB 0x000000008a600000| Untracked 
| 167|0x000000008a700000, 0x000000008a800000, 0x000000008a800000|100%|HS|  |TAMS 0x000000008a700000| PB 0x000000008a700000| Complete 
| 168|0x000000008a800000, 0x000000008a900000, 0x000000008a900000|100%|HC|  |TAMS 0x000000008a800000| PB 0x000000008a800000| Complete 
| 169|0x000000008a900000, 0x000000008aa00000, 0x000000008aa00000|100%|HC|  |TAMS 0x000000008a900000| PB 0x000000008a900000| Complete 
| 170|0x000000008aa00000, 0x000000008aa00000, 0x000000008ab00000|  0%| F|  |TAMS 0x000000008aa00000| PB 0x000000008aa00000| Untracked 
| 171|0x000000008ab00000, 0x000000008ab00000, 0x000000008ac00000|  0%| F|  |TAMS 0x000000008ab00000| PB 0x000000008ab00000| Untracked 
| 172|0x000000008ac00000, 0x000000008ac00000, 0x000000008ad00000|  0%| F|  |TAMS 0x000000008ac00000| PB 0x000000008ac00000| Untracked 
| 173|0x000000008ad00000, 0x000000008ad00000, 0x000000008ae00000|  0%| F|  |TAMS 0x000000008ad00000| PB 0x000000008ad00000| Untracked 
| 174|0x000000008ae00000, 0x000000008ae00000, 0x000000008af00000|  0%| F|  |TAMS 0x000000008ae00000| PB 0x000000008ae00000| Untracked 
| 175|0x000000008af00000, 0x000000008af00000, 0x000000008b000000|  0%| F|  |TAMS 0x000000008af00000| PB 0x000000008af00000| Untracked 
| 176|0x000000008b000000, 0x000000008b000000, 0x000000008b100000|  0%| F|  |TAMS 0x000000008b000000| PB 0x000000008b000000| Untracked 
| 177|0x000000008b100000, 0x000000008b100000, 0x000000008b200000|  0%| F|  |TAMS 0x000000008b100000| PB 0x000000008b100000| Untracked 
| 178|0x000000008b200000, 0x000000008b200000, 0x000000008b300000|  0%| F|  |TAMS 0x000000008b200000| PB 0x000000008b200000| Untracked 
| 179|0x000000008b300000, 0x000000008b300000, 0x000000008b400000|  0%| F|  |TAMS 0x000000008b300000| PB 0x000000008b300000| Untracked 
| 180|0x000000008b400000, 0x000000008b400000, 0x000000008b500000|  0%| F|  |TAMS 0x000000008b400000| PB 0x000000008b400000| Untracked 
| 181|0x000000008b500000, 0x000000008b500000, 0x000000008b600000|  0%| F|  |TAMS 0x000000008b500000| PB 0x000000008b500000| Untracked 
| 182|0x000000008b600000, 0x000000008b600000, 0x000000008b700000|  0%| F|  |TAMS 0x000000008b600000| PB 0x000000008b600000| Untracked 
| 183|0x000000008b700000, 0x000000008b700000, 0x000000008b800000|  0%| F|  |TAMS 0x000000008b700000| PB 0x000000008b700000| Untracked 
| 184|0x000000008b800000, 0x000000008b800000, 0x000000008b900000|  0%| F|  |TAMS 0x000000008b800000| PB 0x000000008b800000| Untracked 
| 185|0x000000008b900000, 0x000000008b900000, 0x000000008ba00000|  0%| F|  |TAMS 0x000000008b900000| PB 0x000000008b900000| Untracked 
| 186|0x000000008ba00000, 0x000000008ba00000, 0x000000008bb00000|  0%| F|  |TAMS 0x000000008ba00000| PB 0x000000008ba00000| Untracked 
| 187|0x000000008bb00000, 0x000000008bb80000, 0x000000008bc00000| 50%| S|CS|TAMS 0x000000008bb00000| PB 0x000000008bb00000| Complete 
| 188|0x000000008bc00000, 0x000000008bd00000, 0x000000008bd00000|100%| S|CS|TAMS 0x000000008bc00000| PB 0x000000008bc00000| Complete 
| 189|0x000000008bd00000, 0x000000008be00000, 0x000000008be00000|100%| S|CS|TAMS 0x000000008bd00000| PB 0x000000008bd00000| Complete 
| 190|0x000000008be00000, 0x000000008bf00000, 0x000000008bf00000|100%| S|CS|TAMS 0x000000008be00000| PB 0x000000008be00000| Complete 
| 191|0x000000008bf00000, 0x000000008c000000, 0x000000008c000000|100%| S|CS|TAMS 0x000000008bf00000| PB 0x000000008bf00000| Complete 
| 192|0x000000008c000000, 0x000000008c100000, 0x000000008c100000|100%| S|CS|TAMS 0x000000008c000000| PB 0x000000008c000000| Complete 
| 193|0x000000008c100000, 0x000000008c200000, 0x000000008c200000|100%| S|CS|TAMS 0x000000008c100000| PB 0x000000008c100000| Complete 
| 194|0x000000008c200000, 0x000000008c300000, 0x000000008c300000|100%| S|CS|TAMS 0x000000008c200000| PB 0x000000008c200000| Complete 
| 195|0x000000008c300000, 0x000000008c400000, 0x000000008c400000|100%| S|CS|TAMS 0x000000008c300000| PB 0x000000008c300000| Complete 
| 196|0x000000008c400000, 0x000000008c500000, 0x000000008c500000|100%| S|CS|TAMS 0x000000008c400000| PB 0x000000008c400000| Complete 
| 197|0x000000008c500000, 0x000000008c600000, 0x000000008c600000|100%| S|CS|TAMS 0x000000008c500000| PB 0x000000008c500000| Complete 
| 198|0x000000008c600000, 0x000000008c700000, 0x000000008c700000|100%| S|CS|TAMS 0x000000008c600000| PB 0x000000008c600000| Complete 
| 199|0x000000008c700000, 0x000000008c800000, 0x000000008c800000|100%| S|CS|TAMS 0x000000008c700000| PB 0x000000008c700000| Complete 
| 200|0x000000008c800000, 0x000000008c900000, 0x000000008c900000|100%| S|CS|TAMS 0x000000008c800000| PB 0x000000008c800000| Complete 
| 201|0x000000008c900000, 0x000000008ca00000, 0x000000008ca00000|100%| S|CS|TAMS 0x000000008c900000| PB 0x000000008c900000| Complete 
| 202|0x000000008ca00000, 0x000000008cb00000, 0x000000008cb00000|100%| S|CS|TAMS 0x000000008ca00000| PB 0x000000008ca00000| Complete 
| 203|0x000000008cb00000, 0x000000008cc00000, 0x000000008cc00000|100%| S|CS|TAMS 0x000000008cb00000| PB 0x000000008cb00000| Complete 
| 204|0x000000008cc00000, 0x000000008cd00000, 0x000000008cd00000|100%| S|CS|TAMS 0x000000008cc00000| PB 0x000000008cc00000| Complete 
| 205|0x000000008cd00000, 0x000000008ce00000, 0x000000008ce00000|100%| S|CS|TAMS 0x000000008cd00000| PB 0x000000008cd00000| Complete 
| 206|0x000000008ce00000, 0x000000008cf00000, 0x000000008cf00000|100%| S|CS|TAMS 0x000000008ce00000| PB 0x000000008ce00000| Complete 
| 207|0x000000008cf00000, 0x000000008d000000, 0x000000008d000000|100%| S|CS|TAMS 0x000000008cf00000| PB 0x000000008cf00000| Complete 
| 208|0x000000008d000000, 0x000000008d100000, 0x000000008d100000|100%| S|CS|TAMS 0x000000008d000000| PB 0x000000008d000000| Complete 
| 209|0x000000008d100000, 0x000000008d200000, 0x000000008d200000|100%| S|CS|TAMS 0x000000008d100000| PB 0x000000008d100000| Complete 
| 210|0x000000008d200000, 0x000000008d300000, 0x000000008d300000|100%| S|CS|TAMS 0x000000008d200000| PB 0x000000008d200000| Complete 
| 211|0x000000008d300000, 0x000000008d400000, 0x000000008d400000|100%| S|CS|TAMS 0x000000008d300000| PB 0x000000008d300000| Complete 
| 212|0x000000008d400000, 0x000000008d500000, 0x000000008d500000|100%| S|CS|TAMS 0x000000008d400000| PB 0x000000008d400000| Complete 
| 213|0x000000008d500000, 0x000000008d600000, 0x000000008d600000|100%| S|CS|TAMS 0x000000008d500000| PB 0x000000008d500000| Complete 
| 214|0x000000008d600000, 0x000000008d700000, 0x000000008d700000|100%| S|CS|TAMS 0x000000008d600000| PB 0x000000008d600000| Complete 
| 215|0x000000008d700000, 0x000000008d800000, 0x000000008d800000|100%| S|CS|TAMS 0x000000008d700000| PB 0x000000008d700000| Complete 
| 216|0x000000008d800000, 0x000000008d900000, 0x000000008d900000|100%| S|CS|TAMS 0x000000008d800000| PB 0x000000008d800000| Complete 
| 217|0x000000008d900000, 0x000000008da00000, 0x000000008da00000|100%| S|CS|TAMS 0x000000008d900000| PB 0x000000008d900000| Complete 
| 218|0x000000008da00000, 0x000000008db00000, 0x000000008db00000|100%| S|CS|TAMS 0x000000008da00000| PB 0x000000008da00000| Complete 
| 219|0x000000008db00000, 0x000000008dc00000, 0x000000008dc00000|100%| S|CS|TAMS 0x000000008db00000| PB 0x000000008db00000| Complete 
| 220|0x000000008dc00000, 0x000000008dd00000, 0x000000008dd00000|100%| S|CS|TAMS 0x000000008dc00000| PB 0x000000008dc00000| Complete 
| 221|0x000000008dd00000, 0x000000008de00000, 0x000000008de00000|100%| S|CS|TAMS 0x000000008dd00000| PB 0x000000008dd00000| Complete 
| 222|0x000000008de00000, 0x000000008df00000, 0x000000008df00000|100%| S|CS|TAMS 0x000000008de00000| PB 0x000000008de00000| Complete 
| 223|0x000000008df00000, 0x000000008e000000, 0x000000008e000000|100%| S|CS|TAMS 0x000000008df00000| PB 0x000000008df00000| Complete 
| 224|0x000000008e000000, 0x000000008e000000, 0x000000008e100000|  0%| F|  |TAMS 0x000000008e000000| PB 0x000000008e000000| Untracked 
| 225|0x000000008e100000, 0x000000008e100000, 0x000000008e200000|  0%| F|  |TAMS 0x000000008e100000| PB 0x000000008e100000| Untracked 
| 226|0x000000008e200000, 0x000000008e200000, 0x000000008e300000|  0%| F|  |TAMS 0x000000008e200000| PB 0x000000008e200000| Untracked 
| 227|0x000000008e300000, 0x000000008e300000, 0x000000008e400000|  0%| F|  |TAMS 0x000000008e300000| PB 0x000000008e300000| Untracked 
| 228|0x000000008e400000, 0x000000008e400000, 0x000000008e500000|  0%| F|  |TAMS 0x000000008e400000| PB 0x000000008e400000| Untracked 
| 229|0x000000008e500000, 0x000000008e500000, 0x000000008e600000|  0%| F|  |TAMS 0x000000008e500000| PB 0x000000008e500000| Untracked 
| 230|0x000000008e600000, 0x000000008e600000, 0x000000008e700000|  0%| F|  |TAMS 0x000000008e600000| PB 0x000000008e600000| Untracked 
| 231|0x000000008e700000, 0x000000008e700000, 0x000000008e800000|  0%| F|  |TAMS 0x000000008e700000| PB 0x000000008e700000| Untracked 
| 232|0x000000008e800000, 0x000000008e800000, 0x000000008e900000|  0%| F|  |TAMS 0x000000008e800000| PB 0x000000008e800000| Untracked 
| 233|0x000000008e900000, 0x000000008e900000, 0x000000008ea00000|  0%| F|  |TAMS 0x000000008e900000| PB 0x000000008e900000| Untracked 
| 234|0x000000008ea00000, 0x000000008ea00000, 0x000000008eb00000|  0%| F|  |TAMS 0x000000008ea00000| PB 0x000000008ea00000| Untracked 
| 235|0x000000008eb00000, 0x000000008eb00000, 0x000000008ec00000|  0%| F|  |TAMS 0x000000008eb00000| PB 0x000000008eb00000| Untracked 
| 236|0x000000008ec00000, 0x000000008ec00000, 0x000000008ed00000|  0%| F|  |TAMS 0x000000008ec00000| PB 0x000000008ec00000| Untracked 
| 237|0x000000008ed00000, 0x000000008ed00000, 0x000000008ee00000|  0%| F|  |TAMS 0x000000008ed00000| PB 0x000000008ed00000| Untracked 
| 238|0x000000008ee00000, 0x000000008ee00000, 0x000000008ef00000|  0%| F|  |TAMS 0x000000008ee00000| PB 0x000000008ee00000| Untracked 
| 239|0x000000008ef00000, 0x000000008ef00000, 0x000000008f000000|  0%| F|  |TAMS 0x000000008ef00000| PB 0x000000008ef00000| Untracked 
| 240|0x000000008f000000, 0x000000008f000000, 0x000000008f100000|  0%| F|  |TAMS 0x000000008f000000| PB 0x000000008f000000| Untracked 
| 241|0x000000008f100000, 0x000000008f100000, 0x000000008f200000|  0%| F|  |TAMS 0x000000008f100000| PB 0x000000008f100000| Untracked 
| 242|0x000000008f200000, 0x000000008f200000, 0x000000008f300000|  0%| F|  |TAMS 0x000000008f200000| PB 0x000000008f200000| Untracked 
| 243|0x000000008f300000, 0x000000008f300000, 0x000000008f400000|  0%| F|  |TAMS 0x000000008f300000| PB 0x000000008f300000| Untracked 
| 244|0x000000008f400000, 0x000000008f400000, 0x000000008f500000|  0%| F|  |TAMS 0x000000008f400000| PB 0x000000008f400000| Untracked 
| 245|0x000000008f500000, 0x000000008f500000, 0x000000008f600000|  0%| F|  |TAMS 0x000000008f500000| PB 0x000000008f500000| Untracked 
| 246|0x000000008f600000, 0x000000008f600000, 0x000000008f700000|  0%| F|  |TAMS 0x000000008f600000| PB 0x000000008f600000| Untracked 
| 247|0x000000008f700000, 0x000000008f700000, 0x000000008f800000|  0%| F|  |TAMS 0x000000008f700000| PB 0x000000008f700000| Untracked 
| 248|0x000000008f800000, 0x000000008f800000, 0x000000008f900000|  0%| F|  |TAMS 0x000000008f800000| PB 0x000000008f800000| Untracked 
| 249|0x000000008f900000, 0x000000008f900000, 0x000000008fa00000|  0%| F|  |TAMS 0x000000008f900000| PB 0x000000008f900000| Untracked 
| 250|0x000000008fa00000, 0x000000008fa00000, 0x000000008fb00000|  0%| F|  |TAMS 0x000000008fa00000| PB 0x000000008fa00000| Untracked 
| 251|0x000000008fb00000, 0x000000008fb00000, 0x000000008fc00000|  0%| F|  |TAMS 0x000000008fb00000| PB 0x000000008fb00000| Untracked 
| 252|0x000000008fc00000, 0x000000008fc00000, 0x000000008fd00000|  0%| F|  |TAMS 0x000000008fc00000| PB 0x000000008fc00000| Untracked 
| 253|0x000000008fd00000, 0x000000008fd00000, 0x000000008fe00000|  0%| F|  |TAMS 0x000000008fd00000| PB 0x000000008fd00000| Untracked 
| 254|0x000000008fe00000, 0x000000008fe00000, 0x000000008ff00000|  0%| F|  |TAMS 0x000000008fe00000| PB 0x000000008fe00000| Untracked 
| 255|0x000000008ff00000, 0x000000008ff00000, 0x0000000090000000|  0%| F|  |TAMS 0x000000008ff00000| PB 0x000000008ff00000| Untracked 
| 256|0x0000000090000000, 0x0000000090000000, 0x0000000090100000|  0%| F|  |TAMS 0x0000000090000000| PB 0x0000000090000000| Untracked 
| 257|0x0000000090100000, 0x0000000090100000, 0x0000000090200000|  0%| F|  |TAMS 0x0000000090100000| PB 0x0000000090100000| Untracked 
| 258|0x0000000090200000, 0x0000000090200000, 0x0000000090300000|  0%| F|  |TAMS 0x0000000090200000| PB 0x0000000090200000| Untracked 
| 259|0x0000000090300000, 0x0000000090300000, 0x0000000090400000|  0%| F|  |TAMS 0x0000000090300000| PB 0x0000000090300000| Untracked 
| 260|0x0000000090400000, 0x0000000090400000, 0x0000000090500000|  0%| F|  |TAMS 0x0000000090400000| PB 0x0000000090400000| Untracked 
| 261|0x0000000090500000, 0x0000000090500000, 0x0000000090600000|  0%| F|  |TAMS 0x0000000090500000| PB 0x0000000090500000| Untracked 
| 262|0x0000000090600000, 0x0000000090600000, 0x0000000090700000|  0%| F|  |TAMS 0x0000000090600000| PB 0x0000000090600000| Untracked 
| 263|0x0000000090700000, 0x0000000090700000, 0x0000000090800000|  0%| F|  |TAMS 0x0000000090700000| PB 0x0000000090700000| Untracked 
| 264|0x0000000090800000, 0x0000000090800000, 0x0000000090900000|  0%| F|  |TAMS 0x0000000090800000| PB 0x0000000090800000| Untracked 
| 265|0x0000000090900000, 0x0000000090900000, 0x0000000090a00000|  0%| F|  |TAMS 0x0000000090900000| PB 0x0000000090900000| Untracked 
| 266|0x0000000090a00000, 0x0000000090a00000, 0x0000000090b00000|  0%| F|  |TAMS 0x0000000090a00000| PB 0x0000000090a00000| Untracked 
| 267|0x0000000090b00000, 0x0000000090b00000, 0x0000000090c00000|  0%| F|  |TAMS 0x0000000090b00000| PB 0x0000000090b00000| Untracked 
| 268|0x0000000090c00000, 0x0000000090c00000, 0x0000000090d00000|  0%| F|  |TAMS 0x0000000090c00000| PB 0x0000000090c00000| Untracked 
| 269|0x0000000090d00000, 0x0000000090d00000, 0x0000000090e00000|  0%| F|  |TAMS 0x0000000090d00000| PB 0x0000000090d00000| Untracked 
| 270|0x0000000090e00000, 0x0000000090e00000, 0x0000000090f00000|  0%| F|  |TAMS 0x0000000090e00000| PB 0x0000000090e00000| Untracked 
| 271|0x0000000090f00000, 0x0000000090f00000, 0x0000000091000000|  0%| F|  |TAMS 0x0000000090f00000| PB 0x0000000090f00000| Untracked 
| 272|0x0000000091000000, 0x0000000091000000, 0x0000000091100000|  0%| F|  |TAMS 0x0000000091000000| PB 0x0000000091000000| Untracked 
| 273|0x0000000091100000, 0x0000000091100000, 0x0000000091200000|  0%| F|  |TAMS 0x0000000091100000| PB 0x0000000091100000| Untracked 
| 274|0x0000000091200000, 0x0000000091200000, 0x0000000091300000|  0%| F|  |TAMS 0x0000000091200000| PB 0x0000000091200000| Untracked 
| 275|0x0000000091300000, 0x0000000091400000, 0x0000000091400000|100%|HS|  |TAMS 0x0000000091300000| PB 0x0000000091300000| Complete 
| 276|0x0000000091400000, 0x0000000091500000, 0x0000000091500000|100%|HC|  |TAMS 0x0000000091400000| PB 0x0000000091400000| Complete 
| 277|0x0000000091500000, 0x0000000091600000, 0x0000000091600000|100%|HC|  |TAMS 0x0000000091500000| PB 0x0000000091500000| Complete 
| 278|0x0000000091600000, 0x0000000091600000, 0x0000000091700000|  0%| F|  |TAMS 0x0000000091600000| PB 0x0000000091600000| Untracked 
| 279|0x0000000091700000, 0x0000000091700000, 0x0000000091800000|  0%| F|  |TAMS 0x0000000091700000| PB 0x0000000091700000| Untracked 
| 280|0x0000000091800000, 0x0000000091800000, 0x0000000091900000|  0%| F|  |TAMS 0x0000000091800000| PB 0x0000000091800000| Untracked 
| 281|0x0000000091900000, 0x0000000091900000, 0x0000000091a00000|  0%| F|  |TAMS 0x0000000091900000| PB 0x0000000091900000| Untracked 
| 282|0x0000000091a00000, 0x0000000091a00000, 0x0000000091b00000|  0%| F|  |TAMS 0x0000000091a00000| PB 0x0000000091a00000| Untracked 
| 283|0x0000000091b00000, 0x0000000091b00000, 0x0000000091c00000|  0%| F|  |TAMS 0x0000000091b00000| PB 0x0000000091b00000| Untracked 
| 284|0x0000000091c00000, 0x0000000091c00000, 0x0000000091d00000|  0%| F|  |TAMS 0x0000000091c00000| PB 0x0000000091c00000| Untracked 
| 285|0x0000000091d00000, 0x0000000091d00000, 0x0000000091e00000|  0%| F|  |TAMS 0x0000000091d00000| PB 0x0000000091d00000| Untracked 
| 286|0x0000000091e00000, 0x0000000091e00000, 0x0000000091f00000|  0%| F|  |TAMS 0x0000000091e00000| PB 0x0000000091e00000| Untracked 
| 287|0x0000000091f00000, 0x0000000091f00000, 0x0000000092000000|  0%| F|  |TAMS 0x0000000091f00000| PB 0x0000000091f00000| Untracked 
| 288|0x0000000092000000, 0x0000000092000000, 0x0000000092100000|  0%| F|  |TAMS 0x0000000092000000| PB 0x0000000092000000| Untracked 
| 289|0x0000000092100000, 0x0000000092100000, 0x0000000092200000|  0%| F|  |TAMS 0x0000000092100000| PB 0x0000000092100000| Untracked 
| 290|0x0000000092200000, 0x0000000092200000, 0x0000000092300000|  0%| F|  |TAMS 0x0000000092200000| PB 0x0000000092200000| Untracked 
| 291|0x0000000092300000, 0x0000000092300000, 0x0000000092400000|  0%| F|  |TAMS 0x0000000092300000| PB 0x0000000092300000| Untracked 
| 292|0x0000000092400000, 0x0000000092400000, 0x0000000092500000|  0%| F|  |TAMS 0x0000000092400000| PB 0x0000000092400000| Untracked 
| 293|0x0000000092500000, 0x0000000092500000, 0x0000000092600000|  0%| F|  |TAMS 0x0000000092500000| PB 0x0000000092500000| Untracked 
| 294|0x0000000092600000, 0x0000000092600000, 0x0000000092700000|  0%| F|  |TAMS 0x0000000092600000| PB 0x0000000092600000| Untracked 
| 295|0x0000000092700000, 0x0000000092700000, 0x0000000092800000|  0%| F|  |TAMS 0x0000000092700000| PB 0x0000000092700000| Untracked 
| 296|0x0000000092800000, 0x0000000092800000, 0x0000000092900000|  0%| F|  |TAMS 0x0000000092800000| PB 0x0000000092800000| Untracked 
| 297|0x0000000092900000, 0x0000000092900000, 0x0000000092a00000|  0%| F|  |TAMS 0x0000000092900000| PB 0x0000000092900000| Untracked 
| 298|0x0000000092a00000, 0x0000000092b00000, 0x0000000092b00000|100%| O|  |TAMS 0x0000000092a00000| PB 0x0000000092a00000| Untracked 
| 299|0x0000000092b00000, 0x0000000092b00000, 0x0000000092c00000|  0%| F|  |TAMS 0x0000000092b00000| PB 0x0000000092b00000| Untracked 
| 300|0x0000000092c00000, 0x0000000092c00000, 0x0000000092d00000|  0%| F|  |TAMS 0x0000000092c00000| PB 0x0000000092c00000| Untracked 
| 301|0x0000000092d00000, 0x0000000092d00000, 0x0000000092e00000|  0%| F|  |TAMS 0x0000000092d00000| PB 0x0000000092d00000| Untracked 
| 302|0x0000000092e00000, 0x0000000092e00000, 0x0000000092f00000|  0%| F|  |TAMS 0x0000000092e00000| PB 0x0000000092e00000| Untracked 
| 303|0x0000000092f00000, 0x0000000092f00000, 0x0000000093000000|  0%| F|  |TAMS 0x0000000092f00000| PB 0x0000000092f00000| Untracked 
| 304|0x0000000093000000, 0x0000000093000000, 0x0000000093100000|  0%| F|  |TAMS 0x0000000093000000| PB 0x0000000093000000| Untracked 
| 305|0x0000000093100000, 0x0000000093100000, 0x0000000093200000|  0%| F|  |TAMS 0x0000000093100000| PB 0x0000000093100000| Untracked 
| 306|0x0000000093200000, 0x0000000093200000, 0x0000000093300000|  0%| F|  |TAMS 0x0000000093200000| PB 0x0000000093200000| Untracked 
| 307|0x0000000093300000, 0x0000000093300000, 0x0000000093400000|  0%| F|  |TAMS 0x0000000093300000| PB 0x0000000093300000| Untracked 
| 308|0x0000000093400000, 0x0000000093400000, 0x0000000093500000|  0%| F|  |TAMS 0x0000000093400000| PB 0x0000000093400000| Untracked 
| 309|0x0000000093500000, 0x0000000093500000, 0x0000000093600000|  0%| F|  |TAMS 0x0000000093500000| PB 0x0000000093500000| Untracked 
| 310|0x0000000093600000, 0x0000000093600000, 0x0000000093700000|  0%| F|  |TAMS 0x0000000093600000| PB 0x0000000093600000| Untracked 
| 311|0x0000000093700000, 0x0000000093700000, 0x0000000093800000|  0%| F|  |TAMS 0x0000000093700000| PB 0x0000000093700000| Untracked 
| 312|0x0000000093800000, 0x0000000093800000, 0x0000000093900000|  0%| F|  |TAMS 0x0000000093800000| PB 0x0000000093800000| Untracked 
| 313|0x0000000093900000, 0x0000000093900000, 0x0000000093a00000|  0%| F|  |TAMS 0x0000000093900000| PB 0x0000000093900000| Untracked 
| 314|0x0000000093a00000, 0x0000000093a00000, 0x0000000093b00000|  0%| F|  |TAMS 0x0000000093a00000| PB 0x0000000093a00000| Untracked 
| 315|0x0000000093b00000, 0x0000000093b00000, 0x0000000093c00000|  0%| F|  |TAMS 0x0000000093b00000| PB 0x0000000093b00000| Untracked 
| 316|0x0000000093c00000, 0x0000000093c00000, 0x0000000093d00000|  0%| F|  |TAMS 0x0000000093c00000| PB 0x0000000093c00000| Untracked 
| 317|0x0000000093d00000, 0x0000000093d00000, 0x0000000093e00000|  0%| F|  |TAMS 0x0000000093d00000| PB 0x0000000093d00000| Untracked 
| 318|0x0000000093e00000, 0x0000000093e00000, 0x0000000093f00000|  0%| F|  |TAMS 0x0000000093e00000| PB 0x0000000093e00000| Untracked 
| 319|0x0000000093f00000, 0x0000000093f00000, 0x0000000094000000|  0%| F|  |TAMS 0x0000000093f00000| PB 0x0000000093f00000| Untracked 
| 320|0x0000000094000000, 0x0000000094000000, 0x0000000094100000|  0%| F|  |TAMS 0x0000000094000000| PB 0x0000000094000000| Untracked 
| 321|0x0000000094100000, 0x0000000094100000, 0x0000000094200000|  0%| F|  |TAMS 0x0000000094100000| PB 0x0000000094100000| Untracked 
| 322|0x0000000094200000, 0x0000000094200000, 0x0000000094300000|  0%| F|  |TAMS 0x0000000094200000| PB 0x0000000094200000| Untracked 
| 323|0x0000000094300000, 0x0000000094300000, 0x0000000094400000|  0%| F|  |TAMS 0x0000000094300000| PB 0x0000000094300000| Untracked 
| 324|0x0000000094400000, 0x0000000094400000, 0x0000000094500000|  0%| F|  |TAMS 0x0000000094400000| PB 0x0000000094400000| Untracked 
| 325|0x0000000094500000, 0x0000000094500000, 0x0000000094600000|  0%| F|  |TAMS 0x0000000094500000| PB 0x0000000094500000| Untracked 
| 326|0x0000000094600000, 0x0000000094600000, 0x0000000094700000|  0%| F|  |TAMS 0x0000000094600000| PB 0x0000000094600000| Untracked 
| 327|0x0000000094700000, 0x0000000094700000, 0x0000000094800000|  0%| F|  |TAMS 0x0000000094700000| PB 0x0000000094700000| Untracked 
| 328|0x0000000094800000, 0x0000000094800000, 0x0000000094900000|  0%| F|  |TAMS 0x0000000094800000| PB 0x0000000094800000| Untracked 
| 329|0x0000000094900000, 0x0000000094900000, 0x0000000094a00000|  0%| F|  |TAMS 0x0000000094900000| PB 0x0000000094900000| Untracked 
| 330|0x0000000094a00000, 0x0000000094a00000, 0x0000000094b00000|  0%| F|  |TAMS 0x0000000094a00000| PB 0x0000000094a00000| Untracked 
| 331|0x0000000094b00000, 0x0000000094b00000, 0x0000000094c00000|  0%| F|  |TAMS 0x0000000094b00000| PB 0x0000000094b00000| Untracked 
| 332|0x0000000094c00000, 0x0000000094c00000, 0x0000000094d00000|  0%| F|  |TAMS 0x0000000094c00000| PB 0x0000000094c00000| Untracked 
| 333|0x0000000094d00000, 0x0000000094e00000, 0x0000000094e00000|100%|HS|  |TAMS 0x0000000094d00000| PB 0x0000000094d00000| Complete 
| 334|0x0000000094e00000, 0x0000000094f00000, 0x0000000094f00000|100%|HC|  |TAMS 0x0000000094e00000| PB 0x0000000094e00000| Complete 
| 335|0x0000000094f00000, 0x0000000095000000, 0x0000000095000000|100%|HC|  |TAMS 0x0000000094f00000| PB 0x0000000094f00000| Complete 
| 336|0x0000000095000000, 0x0000000095100000, 0x0000000095100000|100%|HC|  |TAMS 0x0000000095000000| PB 0x0000000095000000| Complete 
| 337|0x0000000095100000, 0x0000000095200000, 0x0000000095200000|100%|HC|  |TAMS 0x0000000095100000| PB 0x0000000095100000| Complete 
| 338|0x0000000095200000, 0x0000000095300000, 0x0000000095300000|100%|HC|  |TAMS 0x0000000095200000| PB 0x0000000095200000| Complete 
| 339|0x0000000095300000, 0x0000000095400000, 0x0000000095400000|100%|HC|  |TAMS 0x0000000095300000| PB 0x0000000095300000| Complete 
| 340|0x0000000095400000, 0x0000000095400000, 0x0000000095500000|  0%| F|  |TAMS 0x0000000095400000| PB 0x0000000095400000| Untracked 
| 341|0x0000000095500000, 0x0000000095500000, 0x0000000095600000|  0%| F|  |TAMS 0x0000000095500000| PB 0x0000000095500000| Untracked 
| 342|0x0000000095600000, 0x0000000095600000, 0x0000000095700000|  0%| F|  |TAMS 0x0000000095600000| PB 0x0000000095600000| Untracked 
| 343|0x0000000095700000, 0x0000000095700000, 0x0000000095800000|  0%| F|  |TAMS 0x0000000095700000| PB 0x0000000095700000| Untracked 
| 344|0x0000000095800000, 0x0000000095800000, 0x0000000095900000|  0%| F|  |TAMS 0x0000000095800000| PB 0x0000000095800000| Untracked 
| 345|0x0000000095900000, 0x0000000095900000, 0x0000000095a00000|  0%| F|  |TAMS 0x0000000095900000| PB 0x0000000095900000| Untracked 
| 346|0x0000000095a00000, 0x0000000095a00000, 0x0000000095b00000|  0%| F|  |TAMS 0x0000000095a00000| PB 0x0000000095a00000| Untracked 
| 347|0x0000000095b00000, 0x0000000095b00000, 0x0000000095c00000|  0%| F|  |TAMS 0x0000000095b00000| PB 0x0000000095b00000| Untracked 
| 348|0x0000000095c00000, 0x0000000095c00000, 0x0000000095d00000|  0%| F|  |TAMS 0x0000000095c00000| PB 0x0000000095c00000| Untracked 
| 349|0x0000000095d00000, 0x0000000095d00000, 0x0000000095e00000|  0%| F|  |TAMS 0x0000000095d00000| PB 0x0000000095d00000| Untracked 
| 350|0x0000000095e00000, 0x0000000095e00000, 0x0000000095f00000|  0%| F|  |TAMS 0x0000000095e00000| PB 0x0000000095e00000| Untracked 
| 351|0x0000000095f00000, 0x0000000095f00000, 0x0000000096000000|  0%| F|  |TAMS 0x0000000095f00000| PB 0x0000000095f00000| Untracked 
| 352|0x0000000096000000, 0x0000000096000000, 0x0000000096100000|  0%| F|  |TAMS 0x0000000096000000| PB 0x0000000096000000| Untracked 
| 353|0x0000000096100000, 0x0000000096100000, 0x0000000096200000|  0%| F|  |TAMS 0x0000000096100000| PB 0x0000000096100000| Untracked 
| 354|0x0000000096200000, 0x0000000096200000, 0x0000000096300000|  0%| F|  |TAMS 0x0000000096200000| PB 0x0000000096200000| Untracked 
| 355|0x0000000096300000, 0x0000000096300000, 0x0000000096400000|  0%| F|  |TAMS 0x0000000096300000| PB 0x0000000096300000| Untracked 
| 356|0x0000000096400000, 0x0000000096400000, 0x0000000096500000|  0%| F|  |TAMS 0x0000000096400000| PB 0x0000000096400000| Untracked 
| 357|0x0000000096500000, 0x0000000096500000, 0x0000000096600000|  0%| F|  |TAMS 0x0000000096500000| PB 0x0000000096500000| Untracked 
| 358|0x0000000096600000, 0x0000000096600000, 0x0000000096700000|  0%| F|  |TAMS 0x0000000096600000| PB 0x0000000096600000| Untracked 
| 359|0x0000000096700000, 0x0000000096700000, 0x0000000096800000|  0%| F|  |TAMS 0x0000000096700000| PB 0x0000000096700000| Untracked 
| 360|0x0000000096800000, 0x0000000096800000, 0x0000000096900000|  0%| F|  |TAMS 0x0000000096800000| PB 0x0000000096800000| Untracked 
| 361|0x0000000096900000, 0x0000000096900000, 0x0000000096a00000|  0%| F|  |TAMS 0x0000000096900000| PB 0x0000000096900000| Untracked 
| 362|0x0000000096a00000, 0x0000000096a00000, 0x0000000096b00000|  0%| F|  |TAMS 0x0000000096a00000| PB 0x0000000096a00000| Untracked 
| 363|0x0000000096b00000, 0x0000000096b00000, 0x0000000096c00000|  0%| F|  |TAMS 0x0000000096b00000| PB 0x0000000096b00000| Untracked 
| 364|0x0000000096c00000, 0x0000000096c00000, 0x0000000096d00000|  0%| F|  |TAMS 0x0000000096c00000| PB 0x0000000096c00000| Untracked 
| 365|0x0000000096d00000, 0x0000000096d00000, 0x0000000096e00000|  0%| F|  |TAMS 0x0000000096d00000| PB 0x0000000096d00000| Untracked 
| 366|0x0000000096e00000, 0x0000000096e00000, 0x0000000096f00000|  0%| F|  |TAMS 0x0000000096e00000| PB 0x0000000096e00000| Untracked 
| 367|0x0000000096f00000, 0x0000000096f00000, 0x0000000097000000|  0%| F|  |TAMS 0x0000000096f00000| PB 0x0000000096f00000| Untracked 
| 368|0x0000000097000000, 0x0000000097000000, 0x0000000097100000|  0%| F|  |TAMS 0x0000000097000000| PB 0x0000000097000000| Untracked 
| 369|0x0000000097100000, 0x0000000097100000, 0x0000000097200000|  0%| F|  |TAMS 0x0000000097100000| PB 0x0000000097100000| Untracked 
| 370|0x0000000097200000, 0x0000000097200000, 0x0000000097300000|  0%| F|  |TAMS 0x0000000097200000| PB 0x0000000097200000| Untracked 
| 371|0x0000000097300000, 0x0000000097300000, 0x0000000097400000|  0%| F|  |TAMS 0x0000000097300000| PB 0x0000000097300000| Untracked 
| 372|0x0000000097400000, 0x0000000097400000, 0x0000000097500000|  0%| F|  |TAMS 0x0000000097400000| PB 0x0000000097400000| Untracked 
| 373|0x0000000097500000, 0x0000000097500000, 0x0000000097600000|  0%| F|  |TAMS 0x0000000097500000| PB 0x0000000097500000| Untracked 
| 374|0x0000000097600000, 0x0000000097600000, 0x0000000097700000|  0%| F|  |TAMS 0x0000000097600000| PB 0x0000000097600000| Untracked 
| 375|0x0000000097700000, 0x0000000097700000, 0x0000000097800000|  0%| F|  |TAMS 0x0000000097700000| PB 0x0000000097700000| Untracked 
| 376|0x0000000097800000, 0x0000000097800000, 0x0000000097900000|  0%| F|  |TAMS 0x0000000097800000| PB 0x0000000097800000| Untracked 
| 377|0x0000000097900000, 0x0000000097900000, 0x0000000097a00000|  0%| F|  |TAMS 0x0000000097900000| PB 0x0000000097900000| Untracked 
| 378|0x0000000097a00000, 0x0000000097a00000, 0x0000000097b00000|  0%| F|  |TAMS 0x0000000097a00000| PB 0x0000000097a00000| Untracked 
| 379|0x0000000097b00000, 0x0000000097b00000, 0x0000000097c00000|  0%| F|  |TAMS 0x0000000097b00000| PB 0x0000000097b00000| Untracked 
| 380|0x0000000097c00000, 0x0000000097c00000, 0x0000000097d00000|  0%| F|  |TAMS 0x0000000097c00000| PB 0x0000000097c00000| Untracked 
| 381|0x0000000097d00000, 0x0000000097d00000, 0x0000000097e00000|  0%| F|  |TAMS 0x0000000097d00000| PB 0x0000000097d00000| Untracked 
| 382|0x0000000097e00000, 0x0000000097e00000, 0x0000000097f00000|  0%| F|  |TAMS 0x0000000097e00000| PB 0x0000000097e00000| Untracked 
| 383|0x0000000097f00000, 0x0000000097f00000, 0x0000000098000000|  0%| F|  |TAMS 0x0000000097f00000| PB 0x0000000097f00000| Untracked 
| 384|0x0000000098000000, 0x0000000098000000, 0x0000000098100000|  0%| F|  |TAMS 0x0000000098000000| PB 0x0000000098000000| Untracked 
| 385|0x0000000098100000, 0x0000000098100000, 0x0000000098200000|  0%| F|  |TAMS 0x0000000098100000| PB 0x0000000098100000| Untracked 
| 386|0x0000000098200000, 0x0000000098200000, 0x0000000098300000|  0%| F|  |TAMS 0x0000000098200000| PB 0x0000000098200000| Untracked 
| 387|0x0000000098300000, 0x0000000098300000, 0x0000000098400000|  0%| F|  |TAMS 0x0000000098300000| PB 0x0000000098300000| Untracked 
| 388|0x0000000098400000, 0x0000000098400000, 0x0000000098500000|  0%| F|  |TAMS 0x0000000098400000| PB 0x0000000098400000| Untracked 
| 389|0x0000000098500000, 0x0000000098500000, 0x0000000098600000|  0%| F|  |TAMS 0x0000000098500000| PB 0x0000000098500000| Untracked 
| 390|0x0000000098600000, 0x0000000098600000, 0x0000000098700000|  0%| F|  |TAMS 0x0000000098600000| PB 0x0000000098600000| Untracked 
| 391|0x0000000098700000, 0x0000000098700000, 0x0000000098800000|  0%| F|  |TAMS 0x0000000098700000| PB 0x0000000098700000| Untracked 
| 392|0x0000000098800000, 0x0000000098800000, 0x0000000098900000|  0%| F|  |TAMS 0x0000000098800000| PB 0x0000000098800000| Untracked 
| 393|0x0000000098900000, 0x0000000098900000, 0x0000000098a00000|  0%| F|  |TAMS 0x0000000098900000| PB 0x0000000098900000| Untracked 
| 394|0x0000000098a00000, 0x0000000098a00000, 0x0000000098b00000|  0%| F|  |TAMS 0x0000000098a00000| PB 0x0000000098a00000| Untracked 
| 395|0x0000000098b00000, 0x0000000098b00000, 0x0000000098c00000|  0%| F|  |TAMS 0x0000000098b00000| PB 0x0000000098b00000| Untracked 
| 396|0x0000000098c00000, 0x0000000098c00000, 0x0000000098d00000|  0%| F|  |TAMS 0x0000000098c00000| PB 0x0000000098c00000| Untracked 
| 397|0x0000000098d00000, 0x0000000098d00000, 0x0000000098e00000|  0%| F|  |TAMS 0x0000000098d00000| PB 0x0000000098d00000| Untracked 
| 398|0x0000000098e00000, 0x0000000098e00000, 0x0000000098f00000|  0%| F|  |TAMS 0x0000000098e00000| PB 0x0000000098e00000| Untracked 
| 399|0x0000000098f00000, 0x0000000098f00000, 0x0000000099000000|  0%| F|  |TAMS 0x0000000098f00000| PB 0x0000000098f00000| Untracked 
| 400|0x0000000099000000, 0x0000000099000000, 0x0000000099100000|  0%| F|  |TAMS 0x0000000099000000| PB 0x0000000099000000| Untracked 
| 401|0x0000000099100000, 0x0000000099100000, 0x0000000099200000|  0%| F|  |TAMS 0x0000000099100000| PB 0x0000000099100000| Untracked 
| 402|0x0000000099200000, 0x0000000099200000, 0x0000000099300000|  0%| F|  |TAMS 0x0000000099200000| PB 0x0000000099200000| Untracked 
| 403|0x0000000099300000, 0x0000000099300000, 0x0000000099400000|  0%| F|  |TAMS 0x0000000099300000| PB 0x0000000099300000| Untracked 
| 404|0x0000000099400000, 0x0000000099400000, 0x0000000099500000|  0%| F|  |TAMS 0x0000000099400000| PB 0x0000000099400000| Untracked 
| 405|0x0000000099500000, 0x0000000099500000, 0x0000000099600000|  0%| F|  |TAMS 0x0000000099500000| PB 0x0000000099500000| Untracked 
| 406|0x0000000099600000, 0x0000000099600000, 0x0000000099700000|  0%| F|  |TAMS 0x0000000099600000| PB 0x0000000099600000| Untracked 
| 407|0x0000000099700000, 0x0000000099700000, 0x0000000099800000|  0%| F|  |TAMS 0x0000000099700000| PB 0x0000000099700000| Untracked 
| 408|0x0000000099800000, 0x0000000099800000, 0x0000000099900000|  0%| F|  |TAMS 0x0000000099800000| PB 0x0000000099800000| Untracked 
| 409|0x0000000099900000, 0x0000000099900000, 0x0000000099a00000|  0%| F|  |TAMS 0x0000000099900000| PB 0x0000000099900000| Untracked 
| 410|0x0000000099a00000, 0x0000000099a00000, 0x0000000099b00000|  0%| F|  |TAMS 0x0000000099a00000| PB 0x0000000099a00000| Untracked 
| 411|0x0000000099b00000, 0x0000000099b00000, 0x0000000099c00000|  0%| F|  |TAMS 0x0000000099b00000| PB 0x0000000099b00000| Untracked 
| 412|0x0000000099c00000, 0x0000000099c00000, 0x0000000099d00000|  0%| F|  |TAMS 0x0000000099c00000| PB 0x0000000099c00000| Untracked 
| 413|0x0000000099d00000, 0x0000000099d00000, 0x0000000099e00000|  0%| F|  |TAMS 0x0000000099d00000| PB 0x0000000099d00000| Untracked 
| 414|0x0000000099e00000, 0x0000000099e00000, 0x0000000099f00000|  0%| F|  |TAMS 0x0000000099e00000| PB 0x0000000099e00000| Untracked 
| 415|0x0000000099f00000, 0x0000000099f00000, 0x000000009a000000|  0%| F|  |TAMS 0x0000000099f00000| PB 0x0000000099f00000| Untracked 
| 416|0x000000009a000000, 0x000000009a000000, 0x000000009a100000|  0%| F|  |TAMS 0x000000009a000000| PB 0x000000009a000000| Untracked 
| 417|0x000000009a100000, 0x000000009a100000, 0x000000009a200000|  0%| F|  |TAMS 0x000000009a100000| PB 0x000000009a100000| Untracked 
| 418|0x000000009a200000, 0x000000009a200000, 0x000000009a300000|  0%| F|  |TAMS 0x000000009a200000| PB 0x000000009a200000| Untracked 
| 419|0x000000009a300000, 0x000000009a300000, 0x000000009a400000|  0%| F|  |TAMS 0x000000009a300000| PB 0x000000009a300000| Untracked 
| 420|0x000000009a400000, 0x000000009a400000, 0x000000009a500000|  0%| F|  |TAMS 0x000000009a400000| PB 0x000000009a400000| Untracked 
| 421|0x000000009a500000, 0x000000009a500000, 0x000000009a600000|  0%| F|  |TAMS 0x000000009a500000| PB 0x000000009a500000| Untracked 
| 422|0x000000009a600000, 0x000000009a600000, 0x000000009a700000|  0%| F|  |TAMS 0x000000009a600000| PB 0x000000009a600000| Untracked 
| 423|0x000000009a700000, 0x000000009a700000, 0x000000009a800000|  0%| F|  |TAMS 0x000000009a700000| PB 0x000000009a700000| Untracked 
| 424|0x000000009a800000, 0x000000009a800000, 0x000000009a900000|  0%| F|  |TAMS 0x000000009a800000| PB 0x000000009a800000| Untracked 
| 425|0x000000009a900000, 0x000000009a900000, 0x000000009aa00000|  0%| F|  |TAMS 0x000000009a900000| PB 0x000000009a900000| Untracked 
| 426|0x000000009aa00000, 0x000000009aa00000, 0x000000009ab00000|  0%| F|  |TAMS 0x000000009aa00000| PB 0x000000009aa00000| Untracked 
| 427|0x000000009ab00000, 0x000000009ab00000, 0x000000009ac00000|  0%| F|  |TAMS 0x000000009ab00000| PB 0x000000009ab00000| Untracked 
| 428|0x000000009ac00000, 0x000000009ac00000, 0x000000009ad00000|  0%| F|  |TAMS 0x000000009ac00000| PB 0x000000009ac00000| Untracked 
| 429|0x000000009ad00000, 0x000000009ad00000, 0x000000009ae00000|  0%| F|  |TAMS 0x000000009ad00000| PB 0x000000009ad00000| Untracked 
| 430|0x000000009ae00000, 0x000000009ae00000, 0x000000009af00000|  0%| F|  |TAMS 0x000000009ae00000| PB 0x000000009ae00000| Untracked 
| 431|0x000000009af00000, 0x000000009af00000, 0x000000009b000000|  0%| F|  |TAMS 0x000000009af00000| PB 0x000000009af00000| Untracked 
| 432|0x000000009b000000, 0x000000009b000000, 0x000000009b100000|  0%| F|  |TAMS 0x000000009b000000| PB 0x000000009b000000| Untracked 
| 433|0x000000009b100000, 0x000000009b100000, 0x000000009b200000|  0%| F|  |TAMS 0x000000009b100000| PB 0x000000009b100000| Untracked 
| 434|0x000000009b200000, 0x000000009b200000, 0x000000009b300000|  0%| F|  |TAMS 0x000000009b200000| PB 0x000000009b200000| Untracked 
| 435|0x000000009b300000, 0x000000009b300000, 0x000000009b400000|  0%| F|  |TAMS 0x000000009b300000| PB 0x000000009b300000| Untracked 
| 436|0x000000009b400000, 0x000000009b400000, 0x000000009b500000|  0%| F|  |TAMS 0x000000009b400000| PB 0x000000009b400000| Untracked 
| 437|0x000000009b500000, 0x000000009b500000, 0x000000009b600000|  0%| F|  |TAMS 0x000000009b500000| PB 0x000000009b500000| Untracked 
| 438|0x000000009b600000, 0x000000009b600000, 0x000000009b700000|  0%| F|  |TAMS 0x000000009b600000| PB 0x000000009b600000| Untracked 
| 439|0x000000009b700000, 0x000000009b700000, 0x000000009b800000|  0%| F|  |TAMS 0x000000009b700000| PB 0x000000009b700000| Untracked 
| 440|0x000000009b800000, 0x000000009b800000, 0x000000009b900000|  0%| F|  |TAMS 0x000000009b800000| PB 0x000000009b800000| Untracked 
| 441|0x000000009b900000, 0x000000009b900000, 0x000000009ba00000|  0%| F|  |TAMS 0x000000009b900000| PB 0x000000009b900000| Untracked 
| 442|0x000000009ba00000, 0x000000009ba00000, 0x000000009bb00000|  0%| F|  |TAMS 0x000000009ba00000| PB 0x000000009ba00000| Untracked 
| 443|0x000000009bb00000, 0x000000009bb00000, 0x000000009bc00000|  0%| F|  |TAMS 0x000000009bb00000| PB 0x000000009bb00000| Untracked 
| 444|0x000000009bc00000, 0x000000009bc00000, 0x000000009bd00000|  0%| F|  |TAMS 0x000000009bc00000| PB 0x000000009bc00000| Untracked 
| 445|0x000000009bd00000, 0x000000009bd00000, 0x000000009be00000|  0%| F|  |TAMS 0x000000009bd00000| PB 0x000000009bd00000| Untracked 
| 446|0x000000009be00000, 0x000000009be00000, 0x000000009bf00000|  0%| F|  |TAMS 0x000000009be00000| PB 0x000000009be00000| Untracked 
| 447|0x000000009bf00000, 0x000000009bf00000, 0x000000009c000000|  0%| F|  |TAMS 0x000000009bf00000| PB 0x000000009bf00000| Untracked 
| 448|0x000000009c000000, 0x000000009c000000, 0x000000009c100000|  0%| F|  |TAMS 0x000000009c000000| PB 0x000000009c000000| Untracked 
| 449|0x000000009c100000, 0x000000009c100000, 0x000000009c200000|  0%| F|  |TAMS 0x000000009c100000| PB 0x000000009c100000| Untracked 
| 450|0x000000009c200000, 0x000000009c200000, 0x000000009c300000|  0%| F|  |TAMS 0x000000009c200000| PB 0x000000009c200000| Untracked 
| 451|0x000000009c300000, 0x000000009c300000, 0x000000009c400000|  0%| F|  |TAMS 0x000000009c300000| PB 0x000000009c300000| Untracked 
| 452|0x000000009c400000, 0x000000009c400000, 0x000000009c500000|  0%| F|  |TAMS 0x000000009c400000| PB 0x000000009c400000| Untracked 
| 453|0x000000009c500000, 0x000000009c500000, 0x000000009c600000|  0%| F|  |TAMS 0x000000009c500000| PB 0x000000009c500000| Untracked 
| 454|0x000000009c600000, 0x000000009c600000, 0x000000009c700000|  0%| F|  |TAMS 0x000000009c600000| PB 0x000000009c600000| Untracked 
| 455|0x000000009c700000, 0x000000009c700000, 0x000000009c800000|  0%| F|  |TAMS 0x000000009c700000| PB 0x000000009c700000| Untracked 
| 456|0x000000009c800000, 0x000000009c800000, 0x000000009c900000|  0%| F|  |TAMS 0x000000009c800000| PB 0x000000009c800000| Untracked 
| 457|0x000000009c900000, 0x000000009c900000, 0x000000009ca00000|  0%| F|  |TAMS 0x000000009c900000| PB 0x000000009c900000| Untracked 
| 458|0x000000009ca00000, 0x000000009ca00000, 0x000000009cb00000|  0%| F|  |TAMS 0x000000009ca00000| PB 0x000000009ca00000| Untracked 
| 459|0x000000009cb00000, 0x000000009cb00000, 0x000000009cc00000|  0%| F|  |TAMS 0x000000009cb00000| PB 0x000000009cb00000| Untracked 
| 460|0x000000009cc00000, 0x000000009cc00000, 0x000000009cd00000|  0%| F|  |TAMS 0x000000009cc00000| PB 0x000000009cc00000| Untracked 
| 461|0x000000009cd00000, 0x000000009cd00000, 0x000000009ce00000|  0%| F|  |TAMS 0x000000009cd00000| PB 0x000000009cd00000| Untracked 
| 462|0x000000009ce00000, 0x000000009ce00000, 0x000000009cf00000|  0%| F|  |TAMS 0x000000009ce00000| PB 0x000000009ce00000| Untracked 
| 463|0x000000009cf00000, 0x000000009cf00000, 0x000000009d000000|  0%| F|  |TAMS 0x000000009cf00000| PB 0x000000009cf00000| Untracked 
| 464|0x000000009d000000, 0x000000009d000000, 0x000000009d100000|  0%| F|  |TAMS 0x000000009d000000| PB 0x000000009d000000| Untracked 
| 465|0x000000009d100000, 0x000000009d100000, 0x000000009d200000|  0%| F|  |TAMS 0x000000009d100000| PB 0x000000009d100000| Untracked 
| 466|0x000000009d200000, 0x000000009d200000, 0x000000009d300000|  0%| F|  |TAMS 0x000000009d200000| PB 0x000000009d200000| Untracked 
| 467|0x000000009d300000, 0x000000009d300000, 0x000000009d400000|  0%| F|  |TAMS 0x000000009d300000| PB 0x000000009d300000| Untracked 
| 468|0x000000009d400000, 0x000000009d400000, 0x000000009d500000|  0%| F|  |TAMS 0x000000009d400000| PB 0x000000009d400000| Untracked 
| 469|0x000000009d500000, 0x000000009d500000, 0x000000009d600000|  0%| F|  |TAMS 0x000000009d500000| PB 0x000000009d500000| Untracked 
| 470|0x000000009d600000, 0x000000009d600000, 0x000000009d700000|  0%| F|  |TAMS 0x000000009d600000| PB 0x000000009d600000| Untracked 
| 471|0x000000009d700000, 0x000000009d700000, 0x000000009d800000|  0%| F|  |TAMS 0x000000009d700000| PB 0x000000009d700000| Untracked 
| 472|0x000000009d800000, 0x000000009d800000, 0x000000009d900000|  0%| F|  |TAMS 0x000000009d800000| PB 0x000000009d800000| Untracked 
| 473|0x000000009d900000, 0x000000009d900000, 0x000000009da00000|  0%| F|  |TAMS 0x000000009d900000| PB 0x000000009d900000| Untracked 
| 474|0x000000009da00000, 0x000000009da00000, 0x000000009db00000|  0%| F|  |TAMS 0x000000009da00000| PB 0x000000009da00000| Untracked 
| 475|0x000000009db00000, 0x000000009db00000, 0x000000009dc00000|  0%| F|  |TAMS 0x000000009db00000| PB 0x000000009db00000| Untracked 
| 476|0x000000009dc00000, 0x000000009dc00000, 0x000000009dd00000|  0%| F|  |TAMS 0x000000009dc00000| PB 0x000000009dc00000| Untracked 
| 477|0x000000009dd00000, 0x000000009dd00000, 0x000000009de00000|  0%| F|  |TAMS 0x000000009dd00000| PB 0x000000009dd00000| Untracked 
| 478|0x000000009de00000, 0x000000009de00000, 0x000000009df00000|  0%| F|  |TAMS 0x000000009de00000| PB 0x000000009de00000| Untracked 
| 479|0x000000009df00000, 0x000000009df00000, 0x000000009e000000|  0%| F|  |TAMS 0x000000009df00000| PB 0x000000009df00000| Untracked 
| 480|0x000000009e000000, 0x000000009e000000, 0x000000009e100000|  0%| F|  |TAMS 0x000000009e000000| PB 0x000000009e000000| Untracked 
| 481|0x000000009e100000, 0x000000009e100000, 0x000000009e200000|  0%| F|  |TAMS 0x000000009e100000| PB 0x000000009e100000| Untracked 
| 482|0x000000009e200000, 0x000000009e200000, 0x000000009e300000|  0%| F|  |TAMS 0x000000009e200000| PB 0x000000009e200000| Untracked 
| 483|0x000000009e300000, 0x000000009e300000, 0x000000009e400000|  0%| F|  |TAMS 0x000000009e300000| PB 0x000000009e300000| Untracked 
| 484|0x000000009e400000, 0x000000009e400000, 0x000000009e500000|  0%| F|  |TAMS 0x000000009e400000| PB 0x000000009e400000| Untracked 
| 485|0x000000009e500000, 0x000000009e500000, 0x000000009e600000|  0%| F|  |TAMS 0x000000009e500000| PB 0x000000009e500000| Untracked 
| 486|0x000000009e600000, 0x000000009e600000, 0x000000009e700000|  0%| F|  |TAMS 0x000000009e600000| PB 0x000000009e600000| Untracked 
| 487|0x000000009e700000, 0x000000009e700000, 0x000000009e800000|  0%| F|  |TAMS 0x000000009e700000| PB 0x000000009e700000| Untracked 
| 488|0x000000009e800000, 0x000000009e800000, 0x000000009e900000|  0%| F|  |TAMS 0x000000009e800000| PB 0x000000009e800000| Untracked 
| 489|0x000000009e900000, 0x000000009e900000, 0x000000009ea00000|  0%| F|  |TAMS 0x000000009e900000| PB 0x000000009e900000| Untracked 
| 490|0x000000009ea00000, 0x000000009ea00000, 0x000000009eb00000|  0%| F|  |TAMS 0x000000009ea00000| PB 0x000000009ea00000| Untracked 
| 491|0x000000009eb00000, 0x000000009eb00000, 0x000000009ec00000|  0%| F|  |TAMS 0x000000009eb00000| PB 0x000000009eb00000| Untracked 
| 492|0x000000009ec00000, 0x000000009ec00000, 0x000000009ed00000|  0%| F|  |TAMS 0x000000009ec00000| PB 0x000000009ec00000| Untracked 
| 493|0x000000009ed00000, 0x000000009ed00000, 0x000000009ee00000|  0%| F|  |TAMS 0x000000009ed00000| PB 0x000000009ed00000| Untracked 
| 494|0x000000009ee00000, 0x000000009ee00000, 0x000000009ef00000|  0%| F|  |TAMS 0x000000009ee00000| PB 0x000000009ee00000| Untracked 
| 495|0x000000009ef00000, 0x000000009ef00000, 0x000000009f000000|  0%| F|  |TAMS 0x000000009ef00000| PB 0x000000009ef00000| Untracked 
| 496|0x000000009f000000, 0x000000009f000000, 0x000000009f100000|  0%| F|  |TAMS 0x000000009f000000| PB 0x000000009f000000| Untracked 
| 497|0x000000009f100000, 0x000000009f100000, 0x000000009f200000|  0%| F|  |TAMS 0x000000009f100000| PB 0x000000009f100000| Untracked 
| 498|0x000000009f200000, 0x000000009f200000, 0x000000009f300000|  0%| F|  |TAMS 0x000000009f200000| PB 0x000000009f200000| Untracked 
| 499|0x000000009f300000, 0x000000009f300000, 0x000000009f400000|  0%| F|  |TAMS 0x000000009f300000| PB 0x000000009f300000| Untracked 
| 500|0x000000009f400000, 0x000000009f400000, 0x000000009f500000|  0%| F|  |TAMS 0x000000009f400000| PB 0x000000009f400000| Untracked 
| 501|0x000000009f500000, 0x000000009f500000, 0x000000009f600000|  0%| F|  |TAMS 0x000000009f500000| PB 0x000000009f500000| Untracked 
| 502|0x000000009f600000, 0x000000009f600000, 0x000000009f700000|  0%| F|  |TAMS 0x000000009f600000| PB 0x000000009f600000| Untracked 
| 503|0x000000009f700000, 0x000000009f700000, 0x000000009f800000|  0%| F|  |TAMS 0x000000009f700000| PB 0x000000009f700000| Untracked 
| 504|0x000000009f800000, 0x000000009f800000, 0x000000009f900000|  0%| F|  |TAMS 0x000000009f800000| PB 0x000000009f800000| Untracked 
| 505|0x000000009f900000, 0x000000009f900000, 0x000000009fa00000|  0%| F|  |TAMS 0x000000009f900000| PB 0x000000009f900000| Untracked 
| 506|0x000000009fa00000, 0x000000009fa00000, 0x000000009fb00000|  0%| F|  |TAMS 0x000000009fa00000| PB 0x000000009fa00000| Untracked 
| 507|0x000000009fb00000, 0x000000009fb00000, 0x000000009fc00000|  0%| F|  |TAMS 0x000000009fb00000| PB 0x000000009fb00000| Untracked 
| 508|0x000000009fc00000, 0x000000009fc00000, 0x000000009fd00000|  0%| F|  |TAMS 0x000000009fc00000| PB 0x000000009fc00000| Untracked 
| 509|0x000000009fd00000, 0x000000009fd00000, 0x000000009fe00000|  0%| F|  |TAMS 0x000000009fd00000| PB 0x000000009fd00000| Untracked 
| 510|0x000000009fe00000, 0x000000009fe00000, 0x000000009ff00000|  0%| F|  |TAMS 0x000000009fe00000| PB 0x000000009fe00000| Untracked 
| 511|0x000000009ff00000, 0x000000009ff00000, 0x00000000a0000000|  0%| F|  |TAMS 0x000000009ff00000| PB 0x000000009ff00000| Untracked 
| 512|0x00000000a0000000, 0x00000000a0000000, 0x00000000a0100000|  0%| F|  |TAMS 0x00000000a0000000| PB 0x00000000a0000000| Untracked 
| 513|0x00000000a0100000, 0x00000000a0100000, 0x00000000a0200000|  0%| F|  |TAMS 0x00000000a0100000| PB 0x00000000a0100000| Untracked 
| 514|0x00000000a0200000, 0x00000000a0200000, 0x00000000a0300000|  0%| F|  |TAMS 0x00000000a0200000| PB 0x00000000a0200000| Untracked 
| 515|0x00000000a0300000, 0x00000000a0300000, 0x00000000a0400000|  0%| F|  |TAMS 0x00000000a0300000| PB 0x00000000a0300000| Untracked 
| 516|0x00000000a0400000, 0x00000000a0400000, 0x00000000a0500000|  0%| F|  |TAMS 0x00000000a0400000| PB 0x00000000a0400000| Untracked 
| 517|0x00000000a0500000, 0x00000000a0500000, 0x00000000a0600000|  0%| F|  |TAMS 0x00000000a0500000| PB 0x00000000a0500000| Untracked 
| 518|0x00000000a0600000, 0x00000000a0600000, 0x00000000a0700000|  0%| F|  |TAMS 0x00000000a0600000| PB 0x00000000a0600000| Untracked 
| 519|0x00000000a0700000, 0x00000000a0700000, 0x00000000a0800000|  0%| F|  |TAMS 0x00000000a0700000| PB 0x00000000a0700000| Untracked 
| 520|0x00000000a0800000, 0x00000000a0800000, 0x00000000a0900000|  0%| F|  |TAMS 0x00000000a0800000| PB 0x00000000a0800000| Untracked 
| 521|0x00000000a0900000, 0x00000000a0900000, 0x00000000a0a00000|  0%| F|  |TAMS 0x00000000a0900000| PB 0x00000000a0900000| Untracked 
| 522|0x00000000a0a00000, 0x00000000a0a00000, 0x00000000a0b00000|  0%| F|  |TAMS 0x00000000a0a00000| PB 0x00000000a0a00000| Untracked 
| 523|0x00000000a0b00000, 0x00000000a0b00000, 0x00000000a0c00000|  0%| F|  |TAMS 0x00000000a0b00000| PB 0x00000000a0b00000| Untracked 
| 524|0x00000000a0c00000, 0x00000000a0c00000, 0x00000000a0d00000|  0%| F|  |TAMS 0x00000000a0c00000| PB 0x00000000a0c00000| Untracked 
| 525|0x00000000a0d00000, 0x00000000a0d00000, 0x00000000a0e00000|  0%| F|  |TAMS 0x00000000a0d00000| PB 0x00000000a0d00000| Untracked 
| 526|0x00000000a0e00000, 0x00000000a0e00000, 0x00000000a0f00000|  0%| F|  |TAMS 0x00000000a0e00000| PB 0x00000000a0e00000| Untracked 
| 527|0x00000000a0f00000, 0x00000000a0f00000, 0x00000000a1000000|  0%| F|  |TAMS 0x00000000a0f00000| PB 0x00000000a0f00000| Untracked 
| 528|0x00000000a1000000, 0x00000000a1000000, 0x00000000a1100000|  0%| F|  |TAMS 0x00000000a1000000| PB 0x00000000a1000000| Untracked 
| 529|0x00000000a1100000, 0x00000000a1100000, 0x00000000a1200000|  0%| F|  |TAMS 0x00000000a1100000| PB 0x00000000a1100000| Untracked 
| 530|0x00000000a1200000, 0x00000000a1200000, 0x00000000a1300000|  0%| F|  |TAMS 0x00000000a1200000| PB 0x00000000a1200000| Untracked 
| 531|0x00000000a1300000, 0x00000000a1300000, 0x00000000a1400000|  0%| F|  |TAMS 0x00000000a1300000| PB 0x00000000a1300000| Untracked 
| 532|0x00000000a1400000, 0x00000000a1400000, 0x00000000a1500000|  0%| F|  |TAMS 0x00000000a1400000| PB 0x00000000a1400000| Untracked 
| 533|0x00000000a1500000, 0x00000000a1500000, 0x00000000a1600000|  0%| F|  |TAMS 0x00000000a1500000| PB 0x00000000a1500000| Untracked 
| 534|0x00000000a1600000, 0x00000000a1600000, 0x00000000a1700000|  0%| F|  |TAMS 0x00000000a1600000| PB 0x00000000a1600000| Untracked 
| 535|0x00000000a1700000, 0x00000000a1700000, 0x00000000a1800000|  0%| F|  |TAMS 0x00000000a1700000| PB 0x00000000a1700000| Untracked 
| 536|0x00000000a1800000, 0x00000000a1800000, 0x00000000a1900000|  0%| F|  |TAMS 0x00000000a1800000| PB 0x00000000a1800000| Untracked 
| 537|0x00000000a1900000, 0x00000000a1900000, 0x00000000a1a00000|  0%| F|  |TAMS 0x00000000a1900000| PB 0x00000000a1900000| Untracked 
| 538|0x00000000a1a00000, 0x00000000a1a00000, 0x00000000a1b00000|  0%| F|  |TAMS 0x00000000a1a00000| PB 0x00000000a1a00000| Untracked 
| 539|0x00000000a1b00000, 0x00000000a1b00000, 0x00000000a1c00000|  0%| F|  |TAMS 0x00000000a1b00000| PB 0x00000000a1b00000| Untracked 
| 540|0x00000000a1c00000, 0x00000000a1c00000, 0x00000000a1d00000|  0%| F|  |TAMS 0x00000000a1c00000| PB 0x00000000a1c00000| Untracked 
| 541|0x00000000a1d00000, 0x00000000a1d00000, 0x00000000a1e00000|  0%| F|  |TAMS 0x00000000a1d00000| PB 0x00000000a1d00000| Untracked 
| 542|0x00000000a1e00000, 0x00000000a1e00000, 0x00000000a1f00000|  0%| F|  |TAMS 0x00000000a1e00000| PB 0x00000000a1e00000| Untracked 
| 543|0x00000000a1f00000, 0x00000000a1f00000, 0x00000000a2000000|  0%| F|  |TAMS 0x00000000a1f00000| PB 0x00000000a1f00000| Untracked 
| 544|0x00000000a2000000, 0x00000000a2000000, 0x00000000a2100000|  0%| F|  |TAMS 0x00000000a2000000| PB 0x00000000a2000000| Untracked 
| 545|0x00000000a2100000, 0x00000000a2100000, 0x00000000a2200000|  0%| F|  |TAMS 0x00000000a2100000| PB 0x00000000a2100000| Untracked 
| 546|0x00000000a2200000, 0x00000000a2200000, 0x00000000a2300000|  0%| F|  |TAMS 0x00000000a2200000| PB 0x00000000a2200000| Untracked 
| 547|0x00000000a2300000, 0x00000000a2300000, 0x00000000a2400000|  0%| F|  |TAMS 0x00000000a2300000| PB 0x00000000a2300000| Untracked 
| 548|0x00000000a2400000, 0x00000000a2400000, 0x00000000a2500000|  0%| F|  |TAMS 0x00000000a2400000| PB 0x00000000a2400000| Untracked 
| 549|0x00000000a2500000, 0x00000000a2500000, 0x00000000a2600000|  0%| F|  |TAMS 0x00000000a2500000| PB 0x00000000a2500000| Untracked 
| 550|0x00000000a2600000, 0x00000000a2600000, 0x00000000a2700000|  0%| F|  |TAMS 0x00000000a2600000| PB 0x00000000a2600000| Untracked 
| 551|0x00000000a2700000, 0x00000000a2700000, 0x00000000a2800000|  0%| F|  |TAMS 0x00000000a2700000| PB 0x00000000a2700000| Untracked 
| 552|0x00000000a2800000, 0x00000000a2800000, 0x00000000a2900000|  0%| F|  |TAMS 0x00000000a2800000| PB 0x00000000a2800000| Untracked 
| 553|0x00000000a2900000, 0x00000000a2900000, 0x00000000a2a00000|  0%| F|  |TAMS 0x00000000a2900000| PB 0x00000000a2900000| Untracked 
| 554|0x00000000a2a00000, 0x00000000a2a00000, 0x00000000a2b00000|  0%| F|  |TAMS 0x00000000a2a00000| PB 0x00000000a2a00000| Untracked 
| 555|0x00000000a2b00000, 0x00000000a2b00000, 0x00000000a2c00000|  0%| F|  |TAMS 0x00000000a2b00000| PB 0x00000000a2b00000| Untracked 
| 556|0x00000000a2c00000, 0x00000000a2c00000, 0x00000000a2d00000|  0%| F|  |TAMS 0x00000000a2c00000| PB 0x00000000a2c00000| Untracked 
| 557|0x00000000a2d00000, 0x00000000a2d00000, 0x00000000a2e00000|  0%| F|  |TAMS 0x00000000a2d00000| PB 0x00000000a2d00000| Untracked 
| 558|0x00000000a2e00000, 0x00000000a2e00000, 0x00000000a2f00000|  0%| F|  |TAMS 0x00000000a2e00000| PB 0x00000000a2e00000| Untracked 
| 559|0x00000000a2f00000, 0x00000000a2f00000, 0x00000000a3000000|  0%| F|  |TAMS 0x00000000a2f00000| PB 0x00000000a2f00000| Untracked 
| 560|0x00000000a3000000, 0x00000000a3000000, 0x00000000a3100000|  0%| F|  |TAMS 0x00000000a3000000| PB 0x00000000a3000000| Untracked 
| 561|0x00000000a3100000, 0x00000000a3100000, 0x00000000a3200000|  0%| F|  |TAMS 0x00000000a3100000| PB 0x00000000a3100000| Untracked 
| 562|0x00000000a3200000, 0x00000000a3200000, 0x00000000a3300000|  0%| F|  |TAMS 0x00000000a3200000| PB 0x00000000a3200000| Untracked 
| 563|0x00000000a3300000, 0x00000000a3300000, 0x00000000a3400000|  0%| F|  |TAMS 0x00000000a3300000| PB 0x00000000a3300000| Untracked 
| 564|0x00000000a3400000, 0x00000000a3400000, 0x00000000a3500000|  0%| F|  |TAMS 0x00000000a3400000| PB 0x00000000a3400000| Untracked 
| 565|0x00000000a3500000, 0x00000000a3500000, 0x00000000a3600000|  0%| F|  |TAMS 0x00000000a3500000| PB 0x00000000a3500000| Untracked 
| 566|0x00000000a3600000, 0x00000000a3600000, 0x00000000a3700000|  0%| F|  |TAMS 0x00000000a3600000| PB 0x00000000a3600000| Untracked 
| 567|0x00000000a3700000, 0x00000000a3700000, 0x00000000a3800000|  0%| F|  |TAMS 0x00000000a3700000| PB 0x00000000a3700000| Untracked 
| 568|0x00000000a3800000, 0x00000000a3800000, 0x00000000a3900000|  0%| F|  |TAMS 0x00000000a3800000| PB 0x00000000a3800000| Untracked 
| 569|0x00000000a3900000, 0x00000000a3900000, 0x00000000a3a00000|  0%| F|  |TAMS 0x00000000a3900000| PB 0x00000000a3900000| Untracked 
| 570|0x00000000a3a00000, 0x00000000a3a00000, 0x00000000a3b00000|  0%| F|  |TAMS 0x00000000a3a00000| PB 0x00000000a3a00000| Untracked 
| 571|0x00000000a3b00000, 0x00000000a3b00000, 0x00000000a3c00000|  0%| F|  |TAMS 0x00000000a3b00000| PB 0x00000000a3b00000| Untracked 
| 572|0x00000000a3c00000, 0x00000000a3c00000, 0x00000000a3d00000|  0%| F|  |TAMS 0x00000000a3c00000| PB 0x00000000a3c00000| Untracked 
| 573|0x00000000a3d00000, 0x00000000a3d00000, 0x00000000a3e00000|  0%| F|  |TAMS 0x00000000a3d00000| PB 0x00000000a3d00000| Untracked 
| 574|0x00000000a3e00000, 0x00000000a3e00000, 0x00000000a3f00000|  0%| F|  |TAMS 0x00000000a3e00000| PB 0x00000000a3e00000| Untracked 
| 575|0x00000000a3f00000, 0x00000000a3f00000, 0x00000000a4000000|  0%| F|  |TAMS 0x00000000a3f00000| PB 0x00000000a3f00000| Untracked 
| 576|0x00000000a4000000, 0x00000000a4000000, 0x00000000a4100000|  0%| F|  |TAMS 0x00000000a4000000| PB 0x00000000a4000000| Untracked 
| 577|0x00000000a4100000, 0x00000000a4100000, 0x00000000a4200000|  0%| F|  |TAMS 0x00000000a4100000| PB 0x00000000a4100000| Untracked 
| 578|0x00000000a4200000, 0x00000000a4200000, 0x00000000a4300000|  0%| F|  |TAMS 0x00000000a4200000| PB 0x00000000a4200000| Untracked 
| 579|0x00000000a4300000, 0x00000000a4300000, 0x00000000a4400000|  0%| F|  |TAMS 0x00000000a4300000| PB 0x00000000a4300000| Untracked 
| 580|0x00000000a4400000, 0x00000000a4400000, 0x00000000a4500000|  0%| F|  |TAMS 0x00000000a4400000| PB 0x00000000a4400000| Untracked 
| 581|0x00000000a4500000, 0x00000000a4500000, 0x00000000a4600000|  0%| F|  |TAMS 0x00000000a4500000| PB 0x00000000a4500000| Untracked 
| 582|0x00000000a4600000, 0x00000000a4600000, 0x00000000a4700000|  0%| F|  |TAMS 0x00000000a4600000| PB 0x00000000a4600000| Untracked 
| 583|0x00000000a4700000, 0x00000000a4700000, 0x00000000a4800000|  0%| F|  |TAMS 0x00000000a4700000| PB 0x00000000a4700000| Untracked 
| 584|0x00000000a4800000, 0x00000000a4800000, 0x00000000a4900000|  0%| F|  |TAMS 0x00000000a4800000| PB 0x00000000a4800000| Untracked 
| 585|0x00000000a4900000, 0x00000000a4900000, 0x00000000a4a00000|  0%| F|  |TAMS 0x00000000a4900000| PB 0x00000000a4900000| Untracked 
| 586|0x00000000a4a00000, 0x00000000a4a00000, 0x00000000a4b00000|  0%| F|  |TAMS 0x00000000a4a00000| PB 0x00000000a4a00000| Untracked 

Card table byte_map: [0x000002307bfd0000,0x000002307c3d0000] _byte_map_base: 0x000002307bbd0000

Marking Bits: (CMBitMap*) 0x0000023078ab9870
 Bits: [0x000002307c3d0000, 0x000002307e3d0000)

Polling page: 0x0000023076940000

Metaspace:

Usage:
  Non-class:    262.08 MB used.
      Class:     38.16 MB used.
       Both:    300.24 MB used.

Virtual space:
  Non-class space:      320.00 MB reserved,     263.19 MB ( 82%) committed,  5 nodes.
      Class space:        1.00 GB reserved,      39.31 MB (  4%) committed,  1 nodes.
             Both:        1.31 GB reserved,     302.50 MB ( 23%) committed. 

Chunk freelists:
   Non-Class:  8.19 MB
       Class:  8.59 MB
        Both:  16.78 MB

MaxMetaspaceSize: unlimited
CompressedClassSpaceSize: 1.00 GB
Initial GC threshold: 21.00 MB
Current GC threshold: 490.94 MB
CDS: off
 - commit_granule_bytes: 65536.
 - commit_granule_words: 8192.
 - virtual_space_node_default_size: 8388608.
 - enlarge_chunks_in_place: 1.
 - use_allocation_guard: 0.


Internal statistics:

num_allocs_failed_limit: 6.
num_arena_births: 12820.
num_arena_deaths: 8568.
num_vsnodes_births: 6.
num_vsnodes_deaths: 0.
num_space_committed: 4886.
num_space_uncommitted: 33.
num_chunks_returned_to_freelist: 12225.
num_chunks_taken_from_freelist: 31521.
num_chunk_merges: 3757.
num_chunk_splits: 17342.
num_chunks_enlarged: 10846.
num_inconsistent_stats: 0.

CodeHeap 'non-profiled nmethods': size=120000Kb used=24981Kb max_used=32206Kb free=95018Kb
 bounds [0x0000023007ad0000, 0x0000023009a50000, 0x000002300f000000]
CodeHeap 'profiled nmethods': size=120000Kb used=43391Kb max_used=66348Kb free=76608Kb
 bounds [0x0000023000000000, 0x00000230040f0000, 0x0000023007530000]
CodeHeap 'non-nmethods': size=5760Kb used=2544Kb max_used=2664Kb free=3215Kb
 bounds [0x0000023007530000, 0x00000230077e0000, 0x0000023007ad0000]
CodeCache: size=245760Kb, used=70916Kb, max_used=101218Kb, free=174841Kb
 total_blobs=22230, nmethods=20886, adapters=1244, full_count=0
Compilation: enabled, stopped_count=0, restarted_count=0

Compilation events (20 events):
Event: 22533.570 Thread 0x000002307eab6500 nmethod 55266 0x0000023007c9dd10 code [0x0000023007c9dee0, 0x0000023007c9e218]
Event: 22533.570 Thread 0x000002307eab6500 55267       4       com.google.common.collect.AbstractMapBasedMultimap$WrappedCollection$WrappedIterator::getDelegateIterator (9 bytes)
Event: 22533.575 Thread 0x000002307eab6500 nmethod 55267 0x00000230087df290 code [0x00000230087df460, 0x00000230087df750]
Event: 22533.575 Thread 0x000002307eab6500 55268       4       com.sun.org.apache.xerces.internal.dom.ParentNode::setOwnerDocument (44 bytes)
Event: 22533.583 Thread 0x000002307eab6500 nmethod 55268 0x00000230081fdf10 code [0x00000230081fe0c0, 0x00000230081fe488]
Event: 22533.583 Thread 0x000002307eab6500 55270       4       com.android.ide.common.resources.NodeUtils::updateNamespace (167 bytes)
Event: 22533.939 Thread 0x000002307eab6500 nmethod 55270 0x0000023009144090 code [0x00000230091447a0, 0x0000023009148308]
Event: 22533.940 Thread 0x000002307eab6500 55277       4       com.android.utils.XmlUtils::append (597 bytes)
Event: 22534.011 Thread 0x000002307ead07d0 55278       3       org.gradle.internal.execution.history.changes.AbstractFingerprintChanges::accept (21 bytes)
Event: 22534.015 Thread 0x000002307ead07d0 nmethod 55278 0x0000023000fbd010 code [0x0000023000fbd1e0, 0x0000023000fbd4f8]
Event: 22534.015 Thread 0x000002307ead07d0 55279       3       org.gradle.internal.execution.history.changes.AbstractFingerprintChanges$1::<init> (15 bytes)
Event: 22534.015 Thread 0x000002307ead07d0 nmethod 55279 0x0000023001c04910 code [0x0000023001c04ac0, 0x0000023001c04ce0]
Event: 22534.026 Thread 0x000002307ead07d0 55280       3       org.gradle.internal.snapshot.impl.NullValueSnapshot::snapshot (14 bytes)
Event: 22534.029 Thread 0x000002307ead07d0 nmethod 55280 0x0000023001ce6c90 code [0x0000023001ce6e60, 0x0000023001ce7220]
Event: 22534.032 Thread 0x000002307ead07d0 55281       3       com.google.common.collect.Lists::newArrayList (12 bytes)
Event: 22534.033 Thread 0x000002307ead07d0 nmethod 55281 0x0000023001da5310 code [0x0000023001da54e0, 0x0000023001da58a0]
Event: 22534.033 Thread 0x000002307ead07d0 55283       3       com.google.common.collect.Iterators::addAll (41 bytes)
Event: 22534.035 Thread 0x000002307ead07d0 nmethod 55283 0x0000023001b6b190 code [0x0000023001b6b3a0, 0x0000023001b6ba28]
Event: 22534.035 Thread 0x000002307ead07d0 55282       3       com.google.common.collect.Lists::newArrayList (8 bytes)
Event: 22534.035 Thread 0x000002307ead07d0 nmethod 55282 0x0000023001ce0e10 code [0x0000023001ce0fe0, 0x0000023001ce1300]

GC Heap History (20 events):
Event: 17885.769 GC heap after
{Heap after GC invocations=138 (full 1):
 garbage-first heap   total 631808K, used 189302K [0x0000000080000000, 0x0000000100000000)
  region size 1024K, 2 young (2048K), 2 survivors (2048K)
 Metaspace       used 297394K, committed 300096K, reserved 1310720K
  class space    used 37850K, committed 39232K, reserved 1048576K
}
Event: 17886.529 GC heap before
{Heap before GC invocations=138 (full 1):
 garbage-first heap   total 631808K, used 221046K [0x0000000080000000, 0x0000000100000000)
  region size 1024K, 30 young (30720K), 2 survivors (2048K)
 Metaspace       used 297414K, committed 300160K, reserved 1310720K
  class space    used 37850K, committed 39232K, reserved 1048576K
}
Event: 17886.644 GC heap after
{Heap after GC invocations=139 (full 1):
 garbage-first heap   total 631808K, used 204120K [0x0000000080000000, 0x0000000100000000)
  region size 1024K, 4 young (4096K), 4 survivors (4096K)
 Metaspace       used 297414K, committed 300160K, reserved 1310720K
  class space    used 37850K, committed 39232K, reserved 1048576K
}
Event: 17886.981 GC heap before
{Heap before GC invocations=139 (full 1):
 garbage-first heap   total 631808K, used 229720K [0x0000000080000000, 0x0000000100000000)
  region size 1024K, 30 young (30720K), 4 survivors (4096K)
 Metaspace       used 297427K, committed 300160K, reserved 1310720K
  class space    used 37850K, committed 39232K, reserved 1048576K
}
Event: 17887.064 GC heap after
{Heap after GC invocations=140 (full 1):
 garbage-first heap   total 631808K, used 213239K [0x0000000080000000, 0x0000000100000000)
  region size 1024K, 4 young (4096K), 4 survivors (4096K)
 Metaspace       used 297427K, committed 300160K, reserved 1310720K
  class space    used 37850K, committed 39232K, reserved 1048576K
}
Event: 17891.716 GC heap before
{Heap before GC invocations=140 (full 1):
 garbage-first heap   total 631808K, used 236791K [0x0000000080000000, 0x0000000100000000)
  region size 1024K, 30 young (30720K), 4 survivors (4096K)
 Metaspace       used 292318K, committed 298560K, reserved 1310720K
  class space    used 37136K, committed 38976K, reserved 1048576K
}
Event: 17891.985 GC heap after
{Heap after GC invocations=141 (full 1):
 garbage-first heap   total 631808K, used 224600K [0x0000000080000000, 0x0000000100000000)
  region size 1024K, 4 young (4096K), 4 survivors (4096K)
 Metaspace       used 292318K, committed 298560K, reserved 1310720K
  class space    used 37136K, committed 38976K, reserved 1048576K
}
Event: 17894.719 GC heap before
{Heap before GC invocations=141 (full 1):
 garbage-first heap   total 631808K, used 275800K [0x0000000080000000, 0x0000000100000000)
  region size 1024K, 30 young (30720K), 4 survivors (4096K)
 Metaspace       used 292376K, committed 298560K, reserved 1310720K
  class space    used 37146K, committed 38976K, reserved 1048576K
}
Event: 17894.854 GC heap after
{Heap after GC invocations=142 (full 1):
 garbage-first heap   total 631808K, used 228169K [0x0000000080000000, 0x0000000100000000)
  region size 1024K, 3 young (3072K), 3 survivors (3072K)
 Metaspace       used 292376K, committed 298560K, reserved 1310720K
  class space    used 37146K, committed 38976K, reserved 1048576K
}
Event: 17896.668 GC heap before
{Heap before GC invocations=143 (full 1):
 garbage-first heap   total 631808K, used 256841K [0x0000000080000000, 0x0000000100000000)
  region size 1024K, 30 young (30720K), 3 survivors (3072K)
 Metaspace       used 294071K, committed 298560K, reserved 1310720K
  class space    used 37221K, committed 38976K, reserved 1048576K
}
Event: 17896.727 GC heap after
{Heap after GC invocations=144 (full 1):
 garbage-first heap   total 631808K, used 230134K [0x0000000080000000, 0x0000000100000000)
  region size 1024K, 2 young (2048K), 2 survivors (2048K)
 Metaspace       used 294071K, committed 298560K, reserved 1310720K
  class space    used 37221K, committed 38976K, reserved 1048576K
}
Event: 17969.817 GC heap before
{Heap before GC invocations=144 (full 1):
 garbage-first heap   total 631808K, used 606966K [0x0000000080000000, 0x0000000100000000)
  region size 1024K, 340 young (348160K), 2 survivors (2048K)
 Metaspace       used 297424K, committed 299904K, reserved 1310720K
  class space    used 37689K, committed 38976K, reserved 1048576K
}
Event: 17969.948 GC heap after
{Heap after GC invocations=145 (full 1):
 garbage-first heap   total 631808K, used 243079K [0x0000000080000000, 0x0000000100000000)
  region size 1024K, 13 young (13312K), 13 survivors (13312K)
 Metaspace       used 297424K, committed 299904K, reserved 1310720K
  class space    used 37689K, committed 38976K, reserved 1048576K
}
Event: 21500.764 GC heap before
{Heap before GC invocations=145 (full 1):
 garbage-first heap   total 631808K, used 409991K [0x0000000080000000, 0x0000000100000000)
  region size 1024K, 177 young (181248K), 13 survivors (13312K)
 Metaspace       used 297505K, committed 300032K, reserved 1310720K
  class space    used 37692K, committed 38976K, reserved 1048576K
}
Event: 21510.266 GC heap after
{Heap after GC invocations=146 (full 2):
 garbage-first heap   total 601088K, used 177518K [0x0000000080000000, 0x0000000100000000)
  region size 1024K, 0 young (0K), 0 survivors (0K)
 Metaspace       used 296717K, committed 299904K, reserved 1310720K
  class space    used 37560K, committed 38976K, reserved 1048576K
}
Event: 21731.863 GC heap before
{Heap before GC invocations=146 (full 2):
 garbage-first heap   total 601088K, used 233838K [0x0000000080000000, 0x0000000100000000)
  region size 1024K, 56 young (57344K), 0 survivors (0K)
 Metaspace       used 298750K, committed 301248K, reserved 1376256K
  class space    used 37898K, committed 39168K, reserved 1048576K
}
Event: 21731.884 GC heap after
{Heap after GC invocations=147 (full 2):
 garbage-first heap   total 601088K, used 182060K [0x0000000080000000, 0x0000000100000000)
  region size 1024K, 5 young (5120K), 5 survivors (5120K)
 Metaspace       used 298750K, committed 301248K, reserved 1376256K
  class space    used 37898K, committed 39168K, reserved 1048576K
}
Event: 21733.544 GC heap before
{Heap before GC invocations=148 (full 2):
 garbage-first heap   total 601088K, used 240428K [0x0000000080000000, 0x0000000100000000)
  region size 1024K, 64 young (65536K), 5 survivors (5120K)
 Metaspace       used 294732K, committed 301632K, reserved 1376256K
  class space    used 37435K, committed 39232K, reserved 1048576K
}
Event: 21733.578 GC heap after
{Heap after GC invocations=149 (full 2):
 garbage-first heap   total 601088K, used 184160K [0x0000000080000000, 0x0000000100000000)
  region size 1024K, 8 young (8192K), 8 survivors (8192K)
 Metaspace       used 294732K, committed 301632K, reserved 1376256K
  class space    used 37435K, committed 39232K, reserved 1048576K
}
Event: 22534.319 GC heap before
{Heap before GC invocations=149 (full 2):
 garbage-first heap   total 601088K, used 540512K [0x0000000080000000, 0x0000000100000000)
  region size 1024K, 352 young (360448K), 8 survivors (8192K)
 Metaspace       used 307442K, committed 309760K, reserved 1376256K
  class space    used 39072K, committed 40256K, reserved 1048576K
}

Dll operation events (3 events):
Event: 0.190 Loaded shared library E:\android-2\jbr\bin\java.dll
Event: 0.245 Loaded shared library E:\android-2\jbr\bin\zip.dll
Event: 1.720 Loaded shared library E:\android-2\jbr\bin\verify.dll

Deoptimization events (20 events):
Event: 22533.570 Thread 0x0000023028b56040 Uncommon trap: trap_request=0xffffffc6 fr.pc=0x0000023008ac3228 relative=0x0000000000003da8
Event: 22533.570 Thread 0x0000023028b56040 Uncommon trap: reason=bimorphic_or_optimized_type_check action=maybe_recompile pc=0x0000023008ac3228 method=com.android.ide.common.resources.NodeUtils.updateNamespace(Lorg/w3c/dom/Node;Lorg/w3c/dom/Document;)V @ 142 c2
Event: 22533.570 Thread 0x0000023028b56040 DEOPT PACKING pc=0x0000023008ac3228 sp=0x0000006f450faaf0
Event: 22533.570 Thread 0x0000023028b56040 DEOPT UNPACKING pc=0x00000230075843a2 sp=0x0000006f450fab00 mode 2
Event: 22533.575 Thread 0x0000023028b56040 Uncommon trap: trap_request=0xffffffc6 fr.pc=0x0000023008ac3228 relative=0x0000000000003da8
Event: 22533.575 Thread 0x0000023028b56040 Uncommon trap: reason=bimorphic_or_optimized_type_check action=maybe_recompile pc=0x0000023008ac3228 method=com.android.ide.common.resources.NodeUtils.updateNamespace(Lorg/w3c/dom/Node;Lorg/w3c/dom/Document;)V @ 142 c2
Event: 22533.575 Thread 0x0000023028b56040 DEOPT PACKING pc=0x0000023008ac3228 sp=0x0000006f450fab80
Event: 22533.575 Thread 0x0000023028b56040 DEOPT UNPACKING pc=0x00000230075843a2 sp=0x0000006f450fab90 mode 2
Event: 22533.584 Thread 0x0000023028b56040 Uncommon trap: trap_request=0xffffffc6 fr.pc=0x0000023009799574 relative=0x0000000000003cd4
Event: 22533.586 Thread 0x0000023028b56040 Uncommon trap: reason=bimorphic_or_optimized_type_check action=maybe_recompile pc=0x0000023009799574 method=com.android.utils.XmlUtils.append(Lcom/android/utils/XmlUtils$PositionAwareStringBuilder;Lorg/w3c/dom/Node;Ljava/util/Map;Ljava/util/Set;)V @ 295 c
Event: 22533.586 Thread 0x0000023028b56040 DEOPT PACKING pc=0x0000023009799574 sp=0x0000006f450fa8f0
Event: 22533.586 Thread 0x0000023028b56040 DEOPT UNPACKING pc=0x00000230075843a2 sp=0x0000006f450fa8c0 mode 2
Event: 22533.586 Thread 0x0000023028b56040 Uncommon trap: trap_request=0xffffffde fr.pc=0x0000023009798f48 relative=0x00000000000036a8
Event: 22533.586 Thread 0x0000023028b56040 Uncommon trap: reason=class_check action=maybe_recompile pc=0x0000023009798f48 method=com.android.utils.XmlUtils.append(Lcom/android/utils/XmlUtils$PositionAwareStringBuilder;Lorg/w3c/dom/Node;Ljava/util/Map;Ljava/util/Set;)V @ 236 c2
Event: 22533.586 Thread 0x0000023028b56040 DEOPT PACKING pc=0x0000023009798f48 sp=0x0000006f450fa800
Event: 22533.586 Thread 0x0000023028b56040 DEOPT UNPACKING pc=0x00000230075843a2 sp=0x0000006f450fa7f0 mode 2
Event: 22533.586 Thread 0x0000023028b56040 Uncommon trap: trap_request=0xffffffc6 fr.pc=0x0000023009799574 relative=0x0000000000003cd4
Event: 22533.586 Thread 0x0000023028b56040 Uncommon trap: reason=bimorphic_or_optimized_type_check action=maybe_recompile pc=0x0000023009799574 method=com.android.utils.XmlUtils.append(Lcom/android/utils/XmlUtils$PositionAwareStringBuilder;Lorg/w3c/dom/Node;Ljava/util/Map;Ljava/util/Set;)V @ 295 c
Event: 22533.586 Thread 0x0000023028b56040 DEOPT PACKING pc=0x0000023009799574 sp=0x0000006f450fa800
Event: 22533.586 Thread 0x0000023028b56040 DEOPT UNPACKING pc=0x00000230075843a2 sp=0x0000006f450fa7f0 mode 2

Classes loaded (20 events):
Event: 6063.733 Loading class java/security/spec/InvalidKeySpecException
Event: 6063.734 Loading class java/security/spec/InvalidKeySpecException done
Event: 6063.753 Loading class java/security/spec/MGF1ParameterSpec
Event: 6063.753 Loading class java/security/spec/MGF1ParameterSpec done
Event: 6063.766 Loading class java/util/concurrent/ForkJoinTask$AdaptedInterruptibleRunnable
Event: 6063.767 Loading class java/util/concurrent/ForkJoinTask$AdaptedInterruptibleRunnable done
Event: 6063.937 Loading class sun/security/rsa/RSACore$BlindingParameters
Event: 6063.938 Loading class sun/security/rsa/RSACore$BlindingParameters done
Event: 6063.938 Loading class sun/security/jca/JCAUtil$CachedSecureRandomHolder
Event: 6063.938 Loading class sun/security/jca/JCAUtil$CachedSecureRandomHolder done
Event: 6063.962 Loading class sun/security/rsa/RSACore$BlindingRandomPair
Event: 6063.962 Loading class sun/security/rsa/RSACore$BlindingRandomPair done
Event: 6210.365 Loading class com/sun/org/apache/xerces/internal/dom/DeferredElementNSImpl
Event: 6210.377 Loading class com/sun/org/apache/xerces/internal/dom/DeferredElementNSImpl done
Event: 6210.559 Loading class com/sun/org/apache/xerces/internal/dom/DeferredAttrNSImpl
Event: 6210.562 Loading class com/sun/org/apache/xerces/internal/dom/DeferredAttrNSImpl done
Event: 6558.516 Loading class java/rmi/server/Unreferenced
Event: 6558.542 Loading class java/rmi/server/Unreferenced done
Event: 10178.599 Loading class sun/rmi/transport/ObjectTable$1
Event: 10178.654 Loading class sun/rmi/transport/ObjectTable$1 done

Classes unloaded (20 events):
Event: 21732.312 Thread 0x000002307681cfc0 Unloading class 0x00000001013d5000 'jdk/internal/reflect/GeneratedSerializationConstructorAccessor317'
Event: 21732.312 Thread 0x000002307681cfc0 Unloading class 0x00000001013d4c00 'jdk/internal/reflect/GeneratedSerializationConstructorAccessor316'
Event: 21732.312 Thread 0x000002307681cfc0 Unloading class 0x00000001013d4800 'jdk/internal/reflect/GeneratedSerializationConstructorAccessor315'
Event: 21732.312 Thread 0x000002307681cfc0 Unloading class 0x00000001013d4400 'jdk/internal/reflect/GeneratedSerializationConstructorAccessor314'
Event: 21732.312 Thread 0x000002307681cfc0 Unloading class 0x00000001004d2000 'java/lang/invoke/LambdaForm$MH+0x00000001004d2000'
Event: 21732.312 Thread 0x000002307681cfc0 Unloading class 0x0000000100c39800 'jdk/internal/reflect/GeneratedSerializationConstructorAccessor260'
Event: 21732.312 Thread 0x000002307681cfc0 Unloading class 0x00000001010a1000 'jdk/internal/reflect/GeneratedSerializationConstructorAccessor133'
Event: 21732.312 Thread 0x000002307681cfc0 Unloading class 0x00000001010a0800 'jdk/internal/reflect/GeneratedSerializationConstructorAccessor131'
Event: 21732.312 Thread 0x000002307681cfc0 Unloading class 0x0000000101039800 'jdk/internal/reflect/GeneratedSerializationConstructorAccessor127'
Event: 21732.312 Thread 0x000002307681cfc0 Unloading class 0x0000000101039400 'jdk/internal/reflect/GeneratedSerializationConstructorAccessor126'
Event: 21732.312 Thread 0x000002307681cfc0 Unloading class 0x0000000101039000 'jdk/internal/reflect/GeneratedSerializationConstructorAccessor125'
Event: 21732.312 Thread 0x000002307681cfc0 Unloading class 0x0000000101038c00 'jdk/internal/reflect/GeneratedSerializationConstructorAccessor124'
Event: 21732.312 Thread 0x000002307681cfc0 Unloading class 0x0000000101033800 'jdk/internal/reflect/GeneratedSerializationConstructorAccessor123'
Event: 21732.312 Thread 0x000002307681cfc0 Unloading class 0x0000000101033400 'jdk/internal/reflect/GeneratedSerializationConstructorAccessor122'
Event: 21732.312 Thread 0x000002307681cfc0 Unloading class 0x0000000100fb4c00 'jdk/internal/reflect/GeneratedSerializationConstructorAccessor112'
Event: 21732.312 Thread 0x000002307681cfc0 Unloading class 0x0000000100ca8800 'jdk/internal/reflect/GeneratedSerializationConstructorAccessor96'
Event: 21732.312 Thread 0x000002307681cfc0 Unloading class 0x0000000100b3e400 'jdk/internal/reflect/GeneratedSerializationConstructorAccessor81'
Event: 21732.312 Thread 0x000002307681cfc0 Unloading class 0x0000000100b3e000 'jdk/internal/reflect/GeneratedSerializationConstructorAccessor80'
Event: 21732.312 Thread 0x000002307681cfc0 Unloading class 0x0000000100b3dc00 'jdk/internal/reflect/GeneratedSerializationConstructorAccessor79'
Event: 21732.312 Thread 0x000002307681cfc0 Unloading class 0x0000000100000400 'java/lang/invoke/LambdaForm$MH+0x0000000100000400'

Classes redefined (0 events):
No events

Internal exceptions (20 events):
Event: 22531.493 Thread 0x0000023028b5a1e0 Exception <a 'sun/nio/fs/WindowsException'{0x000000008f6f3780}> (0x000000008f6f3780) 
thrown [s\src\hotspot\share\prims\jni.cpp, line 537]
Event: 22532.704 Thread 0x0000023028b5a1e0 Exception <a 'sun/nio/fs/WindowsException'{0x000000008f6fa730}> (0x000000008f6fa730) 
thrown [s\src\hotspot\share\prims\jni.cpp, line 537]
Event: 22532.970 Thread 0x0000023028b59b50 Exception <a 'sun/nio/fs/WindowsException'{0x000000008fc993d8}> (0x000000008fc993d8) 
thrown [s\src\hotspot\share\prims\jni.cpp, line 537]
Event: 22533.000 Thread 0x0000023028b59b50 Exception <a 'sun/nio/fs/WindowsException'{0x000000008fc9b7e0}> (0x000000008fc9b7e0) 
thrown [s\src\hotspot\share\prims\jni.cpp, line 537]
Event: 22533.008 Thread 0x0000023028b59b50 Exception <a 'sun/nio/fs/WindowsException'{0x000000008fc9e118}> (0x000000008fc9e118) 
thrown [s\src\hotspot\share\prims\jni.cpp, line 537]
Event: 22533.360 Thread 0x0000023028b59b50 Exception <a 'sun/nio/fs/WindowsException'{0x000000008fca0cc8}> (0x000000008fca0cc8) 
thrown [s\src\hotspot\share\prims\jni.cpp, line 537]
Event: 22533.380 Thread 0x0000023028b56040 Exception <a 'sun/nio/fs/WindowsException'{0x000000008f44e488}> (0x000000008f44e488) 
thrown [s\src\hotspot\share\prims\jni.cpp, line 537]
Event: 22533.411 Thread 0x0000023028b56040 Exception <a 'sun/nio/fs/WindowsException'{0x000000008f453410}> (0x000000008f453410) 
thrown [s\src\hotspot\share\prims\jni.cpp, line 537]
Event: 22533.422 Thread 0x0000023028b58110 Exception <a 'java/lang/NoSuchMethodError'{0x000000008f0e2c50}: static Lcom/android/build/gradle/internal/dsl/CompileSdkVersionImpl;.<clinit>()V> (0x000000008f0e2c50) 
thrown [s\src\hotspot\share\prims\jni.cpp, line 1144]
Event: 22533.441 Thread 0x0000023028b56040 Exception <a 'sun/nio/fs/WindowsException'{0x000000008ef628d0}> (0x000000008ef628d0) 
thrown [s\src\hotspot\share\prims\jni.cpp, line 537]
Event: 22533.442 Thread 0x0000023028b56040 Exception <a 'sun/nio/fs/WindowsException'{0x000000008ef67848}> (0x000000008ef67848) 
thrown [s\src\hotspot\share\prims\jni.cpp, line 537]
Event: 22533.444 Thread 0x0000023028b56040 Exception <a 'sun/nio/fs/WindowsException'{0x000000008ef6c818}> (0x000000008ef6c818) 
thrown [s\src\hotspot\share\prims\jni.cpp, line 537]
Event: 22533.491 Thread 0x0000023028b59b50 Exception <a 'sun/nio/fs/WindowsException'{0x000000008edd1d80}> (0x000000008edd1d80) 
thrown [s\src\hotspot\share\prims\jni.cpp, line 537]
Event: 22533.496 Thread 0x0000023028b59b50 Exception <a 'sun/nio/fs/WindowsException'{0x000000008edd4568}> (0x000000008edd4568) 
thrown [s\src\hotspot\share\prims\jni.cpp, line 537]
Event: 22533.545 Thread 0x0000023028b56040 Exception <a 'sun/nio/fs/WindowsException'{0x000000008ef86ef0}> (0x000000008ef86ef0) 
thrown [s\src\hotspot\share\prims\jni.cpp, line 537]
Event: 22533.601 Thread 0x0000023028b56040 Exception <a 'sun/nio/fs/WindowsException'{0x000000008ef97850}> (0x000000008ef97850) 
thrown [s\src\hotspot\share\prims\jni.cpp, line 537]
Event: 22534.043 Thread 0x0000023028b58110 Exception <a 'sun/nio/fs/WindowsException'{0x000000008e817950}> (0x000000008e817950) 
thrown [s\src\hotspot\share\prims\jni.cpp, line 537]
Event: 22534.045 Thread 0x0000023028b58110 Exception <a 'sun/nio/fs/WindowsException'{0x000000008e818498}> (0x000000008e818498) 
thrown [s\src\hotspot\share\prims\jni.cpp, line 537]
Event: 22534.078 Thread 0x0000023028b58110 Exception <a 'sun/nio/fs/WindowsException'{0x000000008e81a6a8}> (0x000000008e81a6a8) 
thrown [s\src\hotspot\share\prims\jni.cpp, line 537]
Event: 22534.079 Thread 0x0000023028b58110 Exception <a 'sun/nio/fs/WindowsException'{0x000000008e81b210}> (0x000000008e81b210) 
thrown [s\src\hotspot\share\prims\jni.cpp, line 537]

ZGC Phase Switch (0 events):
No events

VM Operations (20 events):
Event: 22414.446 Executing non-safepoint VM operation: HandshakeAllThreads (HandshakeForDeflation) done
Event: 22414.448 Executing non-safepoint VM operation: RendezvousGCThreads
Event: 22414.448 Executing non-safepoint VM operation: RendezvousGCThreads done
Event: 22519.816 Executing safepoint VM operation: Cleanup
Event: 22519.817 Executing safepoint VM operation: Cleanup done
Event: 22526.891 Executing safepoint VM operation: Cleanup
Event: 22526.900 Executing safepoint VM operation: Cleanup done
Event: 22527.903 Executing safepoint VM operation: Cleanup
Event: 22527.945 Executing safepoint VM operation: Cleanup done
Event: 22528.951 Executing safepoint VM operation: Cleanup
Event: 22528.968 Executing safepoint VM operation: Cleanup done
Event: 22529.976 Executing safepoint VM operation: Cleanup
Event: 22530.023 Executing safepoint VM operation: Cleanup done
Event: 22531.029 Executing safepoint VM operation: Cleanup
Event: 22531.030 Executing safepoint VM operation: Cleanup done
Event: 22532.074 Executing safepoint VM operation: Cleanup
Event: 22532.683 Executing safepoint VM operation: Cleanup done
Event: 22533.694 Executing safepoint VM operation: Cleanup
Event: 22533.934 Executing safepoint VM operation: Cleanup done
Event: 22534.293 Executing safepoint VM operation: G1CollectForAllocation (G1 Evacuation Pause)

Memory protections (0 events):
No events

Nmethod flushes (20 events):
Event: 21732.661 Thread 0x000002307681cfc0 flushing  nmethod 0x0000023004014510
Event: 21732.661 Thread 0x000002307681cfc0 flushing  nmethod 0x0000023004014b10
Event: 21732.661 Thread 0x000002307681cfc0 flushing  nmethod 0x000002300405b610
Event: 21732.661 Thread 0x000002307681cfc0 flushing  nmethod 0x0000023004060d90
Event: 21732.661 Thread 0x000002307681cfc0 flushing osr nmethod 0x0000023004086e90
Event: 21732.661 Thread 0x000002307681cfc0 flushing  nmethod 0x0000023004089110
Event: 21732.661 Thread 0x000002307681cfc0 flushing  nmethod 0x00000230040b8f90
Event: 21732.661 Thread 0x000002307681cfc0 flushing  nmethod 0x00000230040b9390
Event: 21732.661 Thread 0x000002307681cfc0 flushing  nmethod 0x00000230040bc210
Event: 21732.661 Thread 0x000002307681cfc0 flushing  nmethod 0x00000230040bc810
Event: 21732.661 Thread 0x000002307681cfc0 flushing  nmethod 0x00000230040bdd90
Event: 21732.661 Thread 0x000002307681cfc0 flushing  nmethod 0x00000230040bfa10
Event: 21732.661 Thread 0x000002307681cfc0 flushing  nmethod 0x00000230040ccf90
Event: 21732.661 Thread 0x000002307681cfc0 flushing  nmethod 0x00000230040d0e10
Event: 21732.661 Thread 0x000002307681cfc0 flushing  nmethod 0x00000230040d2210
Event: 21732.661 Thread 0x000002307681cfc0 flushing  nmethod 0x00000230040d2f90
Event: 21732.661 Thread 0x000002307681cfc0 flushing  nmethod 0x00000230040d3b90
Event: 21732.661 Thread 0x000002307681cfc0 flushing  nmethod 0x00000230040d4890
Event: 21732.661 Thread 0x000002307681cfc0 flushing  nmethod 0x00000230040d7610
Event: 21732.661 Thread 0x000002307681cfc0 flushing  nmethod 0x00000230040dac90

Events (20 events):
Event: 22516.911 Thread 0x0000023028b53250 Thread added: 0x0000023028b55320
Event: 22518.450 Thread 0x0000023028b53250 Thread added: 0x0000023028b4e390
Event: 22518.555 Thread 0x0000023028b53250 Thread added: 0x0000023028b5c2b0
Event: 22519.082 Thread 0x0000023028b53250 Thread added: 0x0000023028b57a80
Event: 22522.103 Thread 0x0000023028b53250 Thread added: 0x0000023028b5bc20
Event: 22522.121 Thread 0x0000023028b5bc20 Thread exited: 0x0000023028b5bc20
Event: 22523.110 Thread 0x0000023028b53250 Thread added: 0x0000023028b573f0
Event: 22523.167 Thread 0x0000023028b53250 Thread added: 0x0000023028b5bc20
Event: 22523.601 Thread 0x0000023028b53250 Thread added: 0x0000023028b5c940
Event: 22523.925 Thread 0x0000023028b53250 Thread added: 0x0000023028b559b0
Event: 22524.160 Thread 0x0000023028b53250 Thread added: 0x0000023028b58e30
Event: 22524.420 Thread 0x0000023028b53250 Thread added: 0x0000023028b594c0
Event: 22524.454 Thread 0x0000023028b53250 Thread added: 0x0000023028b5cfd0
Event: 22524.895 Thread 0x0000023028b5c940 Thread exited: 0x0000023028b5c940
Event: 22529.129 Thread 0x0000023028b53250 Thread added: 0x0000023028b59b50
Event: 22529.159 Thread 0x0000023028b59b50 Thread added: 0x0000023028b58110
Event: 22529.159 Thread 0x0000023028b59b50 Thread added: 0x0000023028b5a1e0
Event: 22529.161 Thread 0x0000023028b59b50 Thread added: 0x0000023028b56040
Event: 22529.224 Thread 0x0000023028b56040 Thread added: 0x0000023028b5a870
Event: 22530.944 Thread 0x0000023028b594c0 Thread added: 0x0000023028b5c940


Dynamic libraries:
0x00007ff77c6c0000 - 0x00007ff77c6ca000 	E:\android-2\jbr\bin\java.exe
0x00007fff49350000 - 0x00007fff49548000 	C:\Windows\SYSTEM32\ntdll.dll
0x00007fff49240000 - 0x00007fff49302000 	C:\Windows\System32\KERNEL32.DLL
0x00007fff46f50000 - 0x00007fff47246000 	C:\Windows\System32\KERNELBASE.dll
0x00007fff46c50000 - 0x00007fff46d50000 	C:\Windows\System32\ucrtbase.dll
0x00007fff410f0000 - 0x00007fff4110b000 	E:\android-2\jbr\bin\VCRUNTIME140.dll
0x00007ffed2f90000 - 0x00007ffed2fa8000 	E:\android-2\jbr\bin\jli.dll
0x00007fff47500000 - 0x00007fff476a1000 	C:\Windows\System32\USER32.dll
0x00007fff31c60000 - 0x00007fff31efb000 	C:\Windows\WinSxS\amd64_microsoft.windows.common-controls_6595b64144ccf1df_6.0.19041.6456_none_60b8a6cb71f64256\COMCTL32.dll
0x00007fff46e70000 - 0x00007fff46e92000 	C:\Windows\System32\win32u.dll
0x00007fff47370000 - 0x00007fff4740e000 	C:\Windows\System32\msvcrt.dll
0x00007fff481d0000 - 0x00007fff481fb000 	C:\Windows\System32\GDI32.dll
0x00007fff46d50000 - 0x00007fff46e69000 	C:\Windows\System32\gdi32full.dll
0x00007fff472d0000 - 0x00007fff4736d000 	C:\Windows\System32\msvcp_win.dll
0x00007fff48640000 - 0x00007fff4866f000 	C:\Windows\System32\IMM32.DLL
0x00007fff41140000 - 0x00007fff4114c000 	E:\android-2\jbr\bin\vcruntime140_1.dll
0x00007fff10f00000 - 0x00007fff10f8d000 	E:\android-2\jbr\bin\msvcp140.dll
0x00007ffef30f0000 - 0x00007ffef3d86000 	E:\android-2\jbr\bin\server\jvm.dll
0x00007fff484b0000 - 0x00007fff48561000 	C:\Windows\System32\ADVAPI32.dll
0x00007fff48410000 - 0x00007fff484af000 	C:\Windows\System32\sechost.dll
0x00007fff48200000 - 0x00007fff48320000 	C:\Windows\System32\RPCRT4.dll
0x00007fff47250000 - 0x00007fff47277000 	C:\Windows\System32\bcrypt.dll
0x00007fff48670000 - 0x00007fff486db000 	C:\Windows\System32\WS2_32.dll
0x00007fff46840000 - 0x00007fff4688b000 	C:\Windows\SYSTEM32\POWRPROF.dll
0x00007fff31c20000 - 0x00007fff31c47000 	C:\Windows\SYSTEM32\WINMM.dll
0x00007fff44ed0000 - 0x00007fff44eda000 	C:\Windows\SYSTEM32\VERSION.dll
0x00007fff46820000 - 0x00007fff46832000 	C:\Windows\SYSTEM32\UMPDC.dll
0x00007fff451e0000 - 0x00007fff451f2000 	C:\Windows\SYSTEM32\kernel.appcore.dll
0x00007fff41130000 - 0x00007fff4113a000 	E:\android-2\jbr\bin\jimage.dll
0x00007fff3e670000 - 0x00007fff3e871000 	C:\Windows\SYSTEM32\DBGHELP.DLL
0x00007fff2ecf0000 - 0x00007fff2ed24000 	C:\Windows\SYSTEM32\dbgcore.DLL
0x00007fff469e0000 - 0x00007fff46a62000 	C:\Windows\System32\bcryptPrimitives.dll
0x00007fff3d640000 - 0x00007fff3d64e000 	E:\android-2\jbr\bin\instrument.dll
0x00007fff410a0000 - 0x00007fff410c0000 	E:\android-2\jbr\bin\java.dll
0x00007fff40c30000 - 0x00007fff40c48000 	E:\android-2\jbr\bin\zip.dll
0x00007fff479b0000 - 0x00007fff48120000 	C:\Windows\System32\SHELL32.dll
0x00007fff44720000 - 0x00007fff44ec5000 	C:\Windows\SYSTEM32\windows.storage.dll
0x00007fff48940000 - 0x00007fff48c94000 	C:\Windows\System32\combase.dll
0x00007fff46250000 - 0x00007fff4627b000 	C:\Windows\SYSTEM32\Wldp.dll
0x00007fff48570000 - 0x00007fff4863d000 	C:\Windows\System32\OLEAUT32.dll
0x00007fff48890000 - 0x00007fff4893d000 	C:\Windows\System32\SHCORE.dll
0x00007fff476b0000 - 0x00007fff4770b000 	C:\Windows\System32\shlwapi.dll
0x00007fff46910000 - 0x00007fff46934000 	C:\Windows\SYSTEM32\profapi.dll
0x00007fff410e0000 - 0x00007fff410f0000 	E:\android-2\jbr\bin\net.dll
0x00007fff44fe0000 - 0x00007fff450ea000 	C:\Windows\SYSTEM32\WINHTTP.dll
0x00007fff46030000 - 0x00007fff4609a000 	C:\Windows\system32\mswsock.dll
0x00007fff409c0000 - 0x00007fff409d6000 	E:\android-2\jbr\bin\nio.dll
0x00007fff25900000 - 0x00007fff25910000 	E:\android-2\jbr\bin\verify.dll
0x00007fff17a80000 - 0x00007fff17aa7000 	C:\Users\E-TIME\.gradle\native\660c5614fbf4a5f2a75b1949f50a0caf5cd603558e7d8a26e50b933a0cfb79d1\windows-amd64\native-platform.dll
0x00007ffed2e00000 - 0x00007ffed2e77000 	C:\Users\E-TIME\.gradle\native\0.2.8\x86_64-windows-gnu\gradle-fileevents.dll
0x00007fff40ff0000 - 0x00007fff40ff9000 	E:\android-2\jbr\bin\management.dll
0x00007fff40fe0000 - 0x00007fff40feb000 	E:\android-2\jbr\bin\management_ext.dll
0x00007fff48880000 - 0x00007fff48888000 	C:\Windows\System32\PSAPI.DLL
0x00007fff45d30000 - 0x00007fff45d6b000 	C:\Windows\SYSTEM32\IPHLPAPI.DLL
0x00007fff48400000 - 0x00007fff48408000 	C:\Windows\System32\NSI.dll
0x00007fff41000000 - 0x00007fff41009000 	E:\android-2\jbr\bin\extnet.dll
0x00007fff465a0000 - 0x00007fff465b8000 	C:\Windows\SYSTEM32\CRYPTSP.dll
0x00007fff45970000 - 0x00007fff459a8000 	C:\Windows\system32\rsaenh.dll
0x00007fff46890000 - 0x00007fff468be000 	C:\Windows\SYSTEM32\USERENV.dll
0x00007fff461c0000 - 0x00007fff461cc000 	C:\Windows\SYSTEM32\CRYPTBASE.dll
0x00007fff40e60000 - 0x00007fff40e67000 	C:\Windows\system32\wshunix.dll
0x00007fff45bc0000 - 0x00007fff45bf3000 	C:\Windows\SYSTEM32\ntmarta.dll
0x00007fff250d0000 - 0x00007fff250e7000 	C:\Windows\system32\napinsp.dll
0x00007fff250b0000 - 0x00007fff250cb000 	C:\Windows\system32\pnrpnsp.dll
0x00007fff422a0000 - 0x00007fff422bd000 	C:\Windows\system32\wshbth.dll
0x00007fff413b0000 - 0x00007fff413cd000 	C:\Windows\system32\NLAapi.dll
0x00007fff45d70000 - 0x00007fff45e3a000 	C:\Windows\SYSTEM32\DNSAPI.dll
0x00007fff25090000 - 0x00007fff250a2000 	C:\Windows\System32\winrnr.dll
0x00007fff3e9a0000 - 0x00007fff3e9aa000 	C:\Windows\System32\rasadhlp.dll
0x00007fff36330000 - 0x00007fff363b0000 	C:\Windows\System32\fwpuclnt.dll
0x00007fff369c0000 - 0x00007fff369c7000 	E:\android-2\jbr\bin\rmi.dll

JVMTI agents:
C:\Users\E-TIME\.gradle\wrapper\dists\gradle-9.4.1-bin\arn2x92ynaizyzdaamcbpbhtj\gradle-9.4.1\lib\agents\gradle-instrumentation-agent-9.4.1.jar path:E:\android-2\jbr\bin\instrument.dll, loaded, initialized, instrumentlib options:none

dbghelp: loaded successfully - version: 4.0.5 - missing functions: none
symbol engine: initialized successfully - sym options: 0x614 - pdb path: .;E:\android-2\jbr\bin;C:\Windows\SYSTEM32;C:\Windows\WinSxS\amd64_microsoft.windows.common-controls_6595b64144ccf1df_6.0.19041.6456_none_60b8a6cb71f64256;E:\android-2\jbr\bin\server;C:\Users\E-TIME\.gradle\native\660c5614fbf4a5f2a75b1949f50a0caf5cd603558e7d8a26e50b933a0cfb79d1\windows-amd64;C:\Users\E-TIME\.gradle\native\0.2.8\x86_64-windows-gnu

VM Arguments:
jvm_args: --add-opens=java.base/java.lang=ALL-UNNAMED --add-opens=java.base/java.lang.invoke=ALL-UNNAMED --add-opens=java.base/java.util=ALL-UNNAMED --add-opens=java.prefs/java.util.prefs=ALL-UNNAMED --add-exports=jdk.compiler/com.sun.tools.javac.api=ALL-UNNAMED --add-exports=jdk.compiler/com.sun.tools.javac.util=ALL-UNNAMED --add-opens=java.base/java.util=ALL-UNNAMED --add-opens=java.prefs/java.util.prefs=ALL-UNNAMED --add-opens=java.base/java.nio.charset=ALL-UNNAMED --add-opens=java.base/java.net=ALL-UNNAMED --add-opens=java.base/java.util.concurrent=ALL-UNNAMED --add-opens=java.base/java.util.concurrent.atomic=ALL-UNNAMED --add-opens=java.xml/javax.xml.namespace=ALL-UNNAMED --add-opens=java.base/java.time=ALL-UNNAMED -Xmx2048m -Dfile.encoding=UTF-8 -Duser.country=US -Duser.language=en -Duser.variant -javaagent:C:\Users\E-TIME\.gradle\wrapper\dists\gradle-9.4.1-bin\arn2x92ynaizyzdaamcbpbhtj\gradle-9.4.1\lib\agents\gradle-instrumentation-agent-9.4.1.jar 
java_command: org.gradle.launcher.daemon.bootstrap.GradleDaemon 9.4.1
java_class_path (initial): C:\Users\E-TIME\.gradle\wrapper\dists\gradle-9.4.1-bin\arn2x92ynaizyzdaamcbpbhtj\gradle-9.4.1\lib\gradle-daemon-main-9.4.1.jar
Launcher Type: SUN_STANDARD

[Global flags]
     intx CICompilerCount                          = 3                                         {product} {ergonomic}
     uint ConcGCThreads                            = 1                                         {product} {ergonomic}
     uint G1ConcRefinementThreads                  = 4                                         {product} {ergonomic}
   size_t G1HeapRegionSize                         = 1048576                                   {product} {ergonomic}
    uintx GCDrainStackTargetSize                   = 64                                        {product} {ergonomic}
   size_t InitialHeapSize                          = 130023424                                 {product} {ergonomic}
   size_t MarkStackSize                            = 4194304                                   {product} {ergonomic}
   size_t MaxHeapSize                              = 2147483648                                {product} {command line}
   size_t MaxNewSize                               = 1287651328                                {product} {ergonomic}
   size_t MinHeapDeltaBytes                        = 1048576                                   {product} {ergonomic}
   size_t MinHeapSize                              = 8388608                                   {product} {ergonomic}
    uintx NonNMethodCodeHeapSize                   = 5832780                                {pd product} {ergonomic}
    uintx NonProfiledCodeHeapSize                  = 122912730                              {pd product} {ergonomic}
    uintx ProfiledCodeHeapSize                     = 122912730                              {pd product} {ergonomic}
    uintx ReservedCodeCacheSize                    = 251658240                              {pd product} {ergonomic}
     bool SegmentedCodeCache                       = true                                      {product} {ergonomic}
   size_t SoftMaxHeapSize                          = 2147483648                             {manageable} {ergonomic}
     bool UseCompressedOops                        = true                           {product lp64_product} {ergonomic}
     bool UseG1GC                                  = true                                      {product} {ergonomic}
     bool UseLargePagesIndividualAllocation        = false                                  {pd product} {ergonomic}

Logging:
Log output configuration:
 #0: stdout all=warning uptime,level,tags foldmultilines=false
 #1: stderr all=off uptime,level,tags foldmultilines=false

Release file:
JAVA_VERSION="21.0.10" 
MODULES="java.base java.compiler java.datatransfer java.xml java.prefs java.desktop java.instrument java.logging java.management java.security.sasl java.naming java.rmi java.management.rmi java.net.http java.scripting java.security.jgss java.transaction.xa java.sql java.sql.rowset java.xml.crypto java.se java.smartcardio jdk.accessibility jdk.internal.jvmstat jdk.attach jdk.charsets jdk.internal.opt jdk.zipfs jdk.compiler jdk.crypto.ec jdk.crypto.cryptoki jdk.dynalink jdk.hotspot.agent jdk.httpserver jdk.internal.ed jdk.internal.le jdk.internal.vm.ci jdk.jartool jdk.javadoc jdk.jcmd jdk.jdeps jdk.jdwp.agent jdk.jdi jdk.jfr jdk.jlink jdk.jsobject jdk.localedata jdk.management jdk.management.agent jdk.management.jfr jdk.naming.dns jdk.naming.rmi jdk.net jdk.sctp jdk.security.auth jdk.security.jgss jdk.unsupported jdk.unsupported.desktop jdk.xml.dom" 
IMPLEMENTOR="JetBrains s.r.o." 
JAVA_RUNTIME_VERSION="21.0.10+-14961533-b1163.108" 
LIBC="default" 
OS_ARCH="x86_64" 
OS_NAME="Windows" 
SOURCE=".:git:1351622c2ff2" 

Environment Variables:
PATH=C:\Users\E-TIME\AppData\Local\Programs\Python\Python313\Scripts\;C:\Users\E-TIME\AppData\Local\Programs\Python\Python313\;C:\Program Files\Microsoft MPI\Bin\;C:\Windows\system32;C:\Windows;C:\Windows\System32\Wbem;C:\Windows\System32\WindowsPowerShell\v1.0\;C:\Windows\System32\OpenSSH\;C:\Program Files (x86)\Intel\Intel(R) Management Engine Components\DAL;C:\Program Files\Intel\Intel(R) Management Engine Components\DAL;C:\MinGW\bin;C:\MinGW\bin\include;C:\Program Files\MySQL\MySQL Server 8.0\bin;C:\Program Files\Git\cmd;C:\Program Files\Microsoft MPI\Bin;C:\Program Files (x86)\Microsoft SDKs\MPI\Bin;C:\Program Files\nodejs\;C:\ProgramData\chocolatey\bin;C:\Program Files\GitHub CLI\;C:\Users\E-TIME\.local\bin;C:\Users\E-TIME\AppData\Local\Programs\Python\Python310\Scripts\;C:\Users\E-TIME\AppData\Local\Programs\Python\Python310\;C:\Program Files\MySQL\MySQL Shell 8.0\bin\;C:\Users\E-TIME\AppData\Local\Microsoft\WindowsApps;C:\Users\E-TIME\AppData\Local\Programs\Microsoft VS Code\bin;C:\Program Files\JetBrains\IntelliJ IDEA Community Edition 2024.1.1\bin;C:\Users\E-TIME\.lmstudio\bin;C:\Program Files\JetBrains\IntelliJ IDEA Community Edition 2025.1.3\bin;;C:\Users\E-TIME\AppData\Roaming\npm;C:\Users\E-TIME\AppData\Local\Google\Cloud SDK\google-cloud-sdk\bin;C:\Users\E-TIME\AppData\Local\Kingsoft\WPS Office\12.1.0.27458\clitool
USERNAME=E-TIME
OS=Windows_NT
PROCESSOR_IDENTIFIER=Intel64 Family 6 Model 78 Stepping 3, GenuineIntel
TMP=C:\Users\E-TIME\AppData\Local\Temp
TEMP=C:\Users\E-TIME\AppData\Local\Temp




Periodic native trim disabled

JNI global refs:
JNI global refs: 28, weak refs: 3

JNI global refs memory usage: 835, weak refs: 833

Process memory usage:
Resident Set Size: 397784K (4% of 8007928K total physical memory with 264944K free physical memory)

OOME stack traces (most recent first):
Classloader memory used:
Loader org.gradle.internal.classloader.VisitableURLClassLoader                         : 116M
Loader org.gradle.internal.classloader.VisitableURLClassLoader$InstrumentingVisitableURLClassLoader: 96849K
Loader bootstrap                                                                       : 34064K
Loader org.gradle.internal.classloader.VisitableURLClassLoader                         : 25746K
Loader org.gradle.initialization.MixInLegacyTypesClassLoader                           : 19304K
Loader jdk.internal.loader.ClassLoaders$AppClassLoader                                 : 8842K
Loader jdk.internal.reflect.DelegatingClassLoader                                      : 1727K
Loader jdk.internal.loader.ClassLoaders$PlatformClassLoader                            : 672K
Loader jdk.internal.jrtfs.JrtFileSystemProvider$JrtFsLoader                            : 342K
Loader org.gradle.groovy.scripts.internal.DefaultScriptCompilationHandler$ScriptClassLoader: 93992B
Loader sun.reflect.misc.MethodUtil                                                     : 2984B

Classes loaded by more than one classloader:
Class com.google.common.collect.UnmodifiableIterator                                  : loaded 9 times (x 80B)
Class com.google.common.collect.ImmutableList                                         : loaded 9 times (x 206B)
Class com.google.common.collect.Iterators$ArrayItr                                    : loaded 9 times (x 97B)
Class com.google.common.collect.Iterators                                             : loaded 9 times (x 71B)
Class com.google.common.collect.Lists$StringAsImmutableList                           : loaded 9 times (x 207B)
Class com.google.common.collect.AbstractIterator                                      : loaded 9 times (x 82B)
Class com.google.common.collect.AbstractIndexedListIterator                           : loaded 9 times (x 96B)
Class com.google.common.collect.Iterators$MergingIterator                             : loaded 9 times (x 81B)
Class com.google.common.collect.Iterators$1                                           : loaded 9 times (x 81B)
Class com.google.common.collect.Iterators$4                                           : loaded 9 times (x 82B)
Class com.google.common.collect.Iterators$5                                           : loaded 9 times (x 82B)
Class com.google.common.collect.ImmutableCollection                                   : loaded 9 times (x 125B)
Class com.google.common.collect.Lists                                                 : loaded 9 times (x 71B)
Class com.google.common.collect.Iterators$9                                           : loaded 9 times (x 81B)
Class com.google.common.collect.PeekingIterator                                       : loaded 9 times (x 70B)
Class com.google.common.collect.Iterators$SingletonIterator                           : loaded 9 times (x 81B)
Class com.google.common.base.Preconditions                                            : loaded 9 times (x 71B)
Class com.google.common.collect.UnmodifiableListIterator                              : loaded 9 times (x 95B)
Class gnu.trove.TObjectHash                                                           : loaded 7 times (x 94B)
Class io.opentelemetry.api.trace.AutoValue_ArrayBasedTraceState                       : loaded 7 times (x 87B)
Class com.amazon.ion.impl.bin.AbstractIonWriter                                       : loaded 7 times (x 160B)
Class io.opentelemetry.api.trace.TracerProvider                                       : loaded 7 times (x 70B)
Class com.amazon.ion.impl.SymbolTableAsStruct                                         : loaded 7 times (x 70B)
Class com.amazon.ion.impl._Private_Utils$1                                            : loaded 7 times (x 98B)
Class com.amazon.ion.impl.lite.IonSequenceLite                                        : loaded 7 times (x 433B)
Class com.amazon.ion.impl.bin.IonManagedBinaryWriter$UserState$2                      : loaded 7 times (x 85B)
Class com.amazon.ion.impl._Private_IonValue                                           : loaded 7 times (x 70B)
Class com.android.ide.gradle.model.dependencies.Coordinates                           : loaded 7 times (x 70B)
Class com.intellij.gradle.toolingExtension.impl.model.sourceSetModel.GradleSourceSetSerialisationService$Companion: loaded 7 times (x 71B)
Class org.jetbrains.plugins.gradle.model.GradleSourceSetModel                         : loaded 7 times (x 70B)
Class com.intellij.gradle.toolingExtension.impl.model.sourceSetDependencyModel.GradleSourceSetDependencySerialisationService: loaded 7 times (x 77B)
Class org.jetbrains.plugins.gradle.tooling.serialization.internal.IdeaProjectSerializationService$WriteContext: loaded 7 times (x 72B)
Class io.opentelemetry.api.trace.ArrayBasedTraceStateBuilder                          : loaded 7 times (x 77B)
Class com.amazon.ion.impl.bin.BlockAllocatorProvider                                  : loaded 7 times (x 72B)
Class com.amazon.ion.IonLoader                                                        : loaded 7 times (x 70B)
Class io.opentelemetry.context.propagation.NoopTextMapPropagator                      : loaded 7 times (x 76B)
Class com.intellij.gradle.toolingExtension.model.repositoryModel.ProjectRepositoriesModel: loaded 7 times (x 70B)
Class com.amazon.ion.impl.bin.AbstractIonWriter$WriteValueOptimization                : loaded 7 times (x 79B)
Class org.jetbrains.plugins.gradle.model.GradleProperty                               : loaded 7 times (x 70B)
Class gnu.trove.TObjectCanonicalHashingStrategy                                       : loaded 7 times (x 78B)
Class org.jetbrains.plugins.gradle.tooling.serialization.ExternalTestsSerializationService$ReadContext: loaded 7 times (x 72B)
Class com.amazon.ion.impl.BlockedBuffer$BufferedOutputStream                          : loaded 7 times (x 90B)
Class com.amazon.ion.impl.bin.IonBinaryWriterAdapter$Factory                          : loaded 7 times (x 70B)
Class [Lcom.amazon.ion.SymbolTable;                                                   : loaded 7 times (x 69B)
Class io.opentelemetry.context.propagation.TextMapSetter                              : loaded 7 times (x 70B)
Class org.jetbrains.plugins.gradle.tooling.serialization.RepositoriesModelSerializationService$WriteContext: loaded 7 times (x 72B)
Class io.opentelemetry.context.ContextKey                                             : loaded 7 times (x 70B)
Class com.amazon.ion.impl.bin.IonManagedBinaryWriter$UserState$3                      : loaded 7 times (x 85B)
Class com.amazon.ion.util.GzipStreamInterceptor                                       : loaded 7 times (x 85B)
Class com.amazon.ion.IonException                                                     : loaded 7 times (x 84B)
Class [Lio.opentelemetry.api.trace.ImmutableTraceFlags;                               : loaded 7 times (x 69B)
Class org.jetbrains.plugins.gradle.tooling.util.IntObjectMap$ObjectFactory            : loaded 7 times (x 70B)
Class io.opentelemetry.api.trace.ArrayBasedTraceState                                 : loaded 7 times (x 86B)
Class io.opentelemetry.api.trace.Tracer                                               : loaded 7 times (x 70B)
Class com.amazon.ion.system.IonWriterBuilderBase                                      : loaded 7 times (x 83B)
Class com.amazon.ion.impl._Private_Utils                                              : loaded 7 times (x 71B)
Class com.amazon.ion.impl.bin.BlockAllocator                                          : loaded 7 times (x 80B)
Class com.amazon.ion.impl.IonWriterSystemTextMarkup                                   : loaded 7 times (x 192B)
Class [Lio.opentelemetry.context.ThreadLocalContextStorage;                           : loaded 7 times (x 69B)
Class org.jetbrains.plugins.gradle.model.GradleBuildScriptClasspathModel              : loaded 7 times (x 70B)
Class com.amazon.ion.IonStruct                                                        : loaded 7 times (x 70B)
Class com.amazon.ion.impl.bin.IonManagedBinaryWriter$SymbolState                      : loaded 7 times (x 80B)
Class io.opentelemetry.api.trace.SpanId                                               : loaded 7 times (x 71B)
Class com.amazon.ion.UnsupportedIonVersionException                                   : loaded 7 times (x 85B)
Class [Lcom.amazon.ion.impl.bin.IonRawBinaryWriter$StreamFlushMode;                   : loaded 7 times (x 69B)
Class io.opentelemetry.api.trace.Span                                                 : loaded 7 times (x 70B)
Class com.amazon.ion.impl._Private_IonBinaryWriterBuilder                             : loaded 7 times (x 115B)
Class com.amazon.ion.BufferConfiguration$DataHandler                                  : loaded 7 times (x 70B)
Class com.amazon.ion.impl._Private_LocalSymbolTable                                   : loaded 7 times (x 70B)
Class com.amazon.ion.ReadOnlyValueException                                           : loaded 7 times (x 84B)
Class com.intellij.gradle.toolingExtension.impl.model.projectModel.GradleExternalProjectSerializationService$ReadContext: loaded 7 times (x 73B)
Class com.intellij.gradle.toolingExtension.impl.model.dependencyModel.DependencyWriteContext: loaded 7 times (x 72B)
Class org.jetbrains.plugins.gradle.model.UnresolvedExternalDependency                 : loaded 7 times (x 70B)
Class org.jetbrains.plugins.gradle.tooling.util.IntObjectMap$1                        : loaded 7 times (x 77B)
Class com.amazon.ion.impl.bin.IonManagedBinaryWriter$UserState$4                      : loaded 7 times (x 85B)
Class com.amazon.ion.system.IonBinaryWriterBuilder                                    : loaded 7 times (x 99B)
Class io.opentelemetry.context.ContextStorageProvider                                 : loaded 7 times (x 70B)
Class org.jetbrains.plugins.gradle.model.AnnotationProcessingModel                    : loaded 7 times (x 70B)
Class org.jetbrains.plugins.gradle.model.GradleExtensions                             : loaded 7 times (x 70B)
Class com.intellij.gradle.toolingExtension.impl.model.taskModel.GradleTaskSerialisationService: loaded 7 times (x 76B)
Class io.opentelemetry.context.ArrayBasedContext                                      : loaded 7 times (x 100B)
Class com.amazon.ion.system.SimpleCatalog                                             : loaded 7 times (x 91B)
Class com.amazon.ion.BufferConfiguration                                              : loaded 7 times (x 72B)
Class com.android.ide.gradle.model.LegacyV1AgpVersionModel                            : loaded 7 times (x 70B)
Class org.jetbrains.plugins.gradle.model.GradleSourceSetDependencyModel               : loaded 7 times (x 70B)
Class io.opentelemetry.context.propagation.TextMapPropagator                          : loaded 7 times (x 70B)
Class com.amazon.ion.IonString                                                        : loaded 7 times (x 70B)
Class com.amazon.ion.IonSexp                                                          : loaded 7 times (x 70B)
Class com.amazon.ion.UnexpectedEofException                                           : loaded 7 times (x 84B)
Class gnu.trove.PrimeFinder                                                           : loaded 7 times (x 71B)
Class org.jetbrains.plugins.gradle.model.GradleConfiguration                          : loaded 7 times (x 70B)
Class com.amazon.ion.impl.bin.utf8.Utf8StringEncoderPool                              : loaded 7 times (x 74B)
Class com.amazon.ion.impl._Private_IonSystem                                          : loaded 7 times (x 70B)
Class com.intellij.gradle.toolingExtension.impl.model.utilDummyModel.DummyModel       : loaded 7 times (x 70B)
Class io.opentelemetry.api.DefaultOpenTelemetry                                       : loaded 7 times (x 89B)
Class com.intellij.util.ThrowableConsumer                                             : loaded 7 times (x 70B)
Class io.opentelemetry.api.internal.OtelEncodingUtils                                 : loaded 7 times (x 71B)
Class io.opentelemetry.api.trace.SpanBuilder                                          : loaded 7 times (x 70B)
Class org.jetbrains.plugins.gradle.tooling.util.ObjectCollector$Processor             : loaded 7 times (x 70B)
Class org.jetbrains.plugins.gradle.model.FileCollectionDependency                     : loaded 7 times (x 70B)
Class com.amazon.ion.impl.lite.IonTimestampLite                                       : loaded 7 times (x 193B)
Class com.amazon.ion.impl.LocalSymbolTableAsStruct                                    : loaded 7 times (x 132B)
Class com.amazon.ion.BufferConfiguration$OversizedValueHandler                        : loaded 7 times (x 70B)
Class com.intellij.gradle.toolingExtension.impl.model.buildScriptClasspathModel.GradleBuildScriptClasspathSerializationService: loaded 7 times (x 77B)
Class com.amazon.ion.impl.bin.IonManagedBinaryWriter$ImportedSymbolResolverMode       : loaded 7 times (x 80B)
Class com.amazon.ion.impl.LocalSymbolTable$Factory                                    : loaded 7 times (x 77B)
Class io.opentelemetry.context.ThreadLocalContextStorage$ScopeImpl                    : loaded 7 times (x 79B)
Class com.amazon.ion.IonFloat                                                         : loaded 7 times (x 70B)
Class com.amazon.ion.impl.lite.IonListLite                                            : loaded 7 times (x 491B)
Class com.amazon.ion.impl.lite.IonSexpLite                                            : loaded 7 times (x 491B)
Class io.opentelemetry.context.propagation.TextMapGetter                              : loaded 7 times (x 70B)
Class [Lcom.amazon.ion.impl.bin.IonRawBinaryWriter$PreallocationMode;                 : loaded 7 times (x 69B)
Class com.amazon.ion.util._Private_FastAppendable                                     : loaded 7 times (x 70B)
Class com.amazon.ion.impl._Private_IonReaderBuilder$TwoElementInputStream             : loaded 7 times (x 92B)
Class com.android.ide.gradle.model.LegacyAndroidGradlePluginProperties                : loaded 7 times (x 70B)
Class com.amazon.ion.impl.lite.IonIntLite                                             : loaded 7 times (x 190B)
Class com.intellij.gradle.toolingExtension.impl.model.sourceSetModel.GradleSourceSetSerialisationService: loaded 7 times (x 77B)
Class com.amazon.ion.IonDecimal                                                       : loaded 7 times (x 70B)
Class io.opentelemetry.api.OpenTelemetry                                              : loaded 7 times (x 70B)
Class com.amazon.ion.impl.bin.IonManagedBinaryWriter$ImportedSymbolContext            : loaded 7 times (x 72B)
Class org.jetbrains.kotlin.idea.gradleTooling.AndroidAwareGradleModelProvider$Companion: loaded 7 times (x 71B)
Class com.amazon.ion.IonSystem                                                        : loaded 7 times (x 70B)
Class [Lcom.amazon.ion.impl.bin.IonRawBinaryWriter$StreamCloseMode;                   : loaded 7 times (x 69B)
Class com.amazon.ion.impl.lite.IonSymbolLite                                          : loaded 7 times (x 247B)
Class com.amazon.ion.impl.bin.IonManagedBinaryWriter$ImportedSymbolResolverMode$1     : loaded 7 times (x 80B)
Class org.jetbrains.plugins.gradle.model.tests.ExternalTestsModel                     : loaded 7 times (x 70B)
Class io.opentelemetry.api.GlobalOpenTelemetry                                        : loaded 7 times (x 71B)
Class com.intellij.util.containers.IntObjectHashMap$ArrayProducer                     : loaded 7 times (x 70B)
Class org.jetbrains.plugins.gradle.tooling.serialization.internal.adapter.Supplier    : loaded 7 times (x 70B)
Class com.amazon.ion.IonList                                                          : loaded 7 times (x 70B)
Class org.jetbrains.plugins.gradle.tooling.serialization.SerializationService         : loaded 7 times (x 70B)
Class com.amazon.ion.impl.LocalSymbolTable                                            : loaded 7 times (x 127B)
Class com.amazon.ion.impl.lite.IonBlobLite                                            : loaded 7 times (x 220B)
Class gnu.trove.TObjectIntProcedure                                                   : loaded 7 times (x 70B)
Class org.jetbrains.plugins.gradle.tooling.serialization.internal.IdeaProjectSerializationService$WriteContext$8: loaded 7 times (x 83B)
Class com.amazon.ion.impl.bin.IonManagedBinaryWriter                                  : loaded 7 times (x 165B)
Class com.amazon.ion.impl.bin.WriteBuffer                                             : loaded 7 times (x 78B)
Class org.jetbrains.plugins.gradle.tooling.serialization.GradleExtensionsSerializationService$ReadContext: loaded 7 times (x 72B)
Class io.opentelemetry.api.trace.DefaultTracer                                        : loaded 7 times (x 74B)
Class com.amazon.ion.impl.bin.IonRawBinaryWriter$StreamCloseMode                      : loaded 7 times (x 79B)
Class com.amazon.ion.impl._Private_IonBinaryWriterBuilder$Mutable                     : loaded 7 times (x 115B)
Class io.opentelemetry.api.trace.PropagatedSpan                                       : loaded 7 times (x 112B)
Class com.amazon.ion.impl.bin.IonManagedBinaryWriter$ImportedSymbolResolverMode$2     : loaded 7 times (x 80B)
Class io.opentelemetry.context.Scope                                                  : loaded 7 times (x 70B)
Class org.jetbrains.plugins.gradle.tooling.serialization.internal.IdeaProjectSerializationService$WriteContext$7: loaded 7 times (x 83B)
Class org.jetbrains.plugins.gradle.model.RepositoryModels                             : loaded 7 times (x 70B)
Class com.amazon.ion.impl.lite.ValueFactoryLite                                       : loaded 7 times (x 218B)
Class com.intellij.gradle.toolingExtension.impl.model.projectModel.GradleExternalProjectSerializationService: loaded 7 times (x 77B)
Class com.amazon.ion.IonBool                                                          : loaded 7 times (x 70B)
Class org.jetbrains.plugins.gradle.tooling.util.IntObjectMap                          : loaded 7 times (x 73B)
Class org.jetbrains.plugins.gradle.tooling.serialization.internal.IdeaProjectSerializationService$WriteContext$6: loaded 7 times (x 83B)
Class com.amazon.ion.impl.lite.ContainerlessContext                                   : loaded 7 times (x 80B)
Class com.amazon.ion.IonType                                                          : loaded 7 times (x 79B)
Class com.amazon.ion.impl.lite._Private_LiteDomTrampoline                             : loaded 7 times (x 71B)
Class com.amazon.ion.impl.bin.IntList                                                 : loaded 7 times (x 77B)
Class com.intellij.gradle.toolingExtension.impl.model.sourceSetDependencyModel.GradleSourceSetDependencySerialisationService$SourceSetDependencyModelWriteContext: loaded 7 times (x 72B)
Class org.jetbrains.kotlin.idea.projectModel.KotlinTaskProperties                     : loaded 7 times (x 70B)
Class org.jetbrains.plugins.gradle.tooling.serialization.internal.IdeaProjectSerializationService$WriteContext$5: loaded 7 times (x 83B)
Class io.opentelemetry.context.ContextStorage                                         : loaded 7 times (x 70B)
Class org.jetbrains.plugins.gradle.tooling.serialization.internal.IdeaProjectSerializationService: loaded 7 times (x 77B)
Class com.intellij.gradle.toolingExtension.util.GradleVersionSpecificsUtil            : loaded 7 times (x 71B)
Class com.amazon.ion.BufferConfiguration$Builder                                      : loaded 7 times (x 78B)
Class com.intellij.gradle.toolingExtension.impl.model.sourceSetDependencyModel.GradleSourceSetDependencySerialisationService$Companion: loaded 7 times (x 71B)
Class org.jetbrains.plugins.gradle.tooling.serialization.internal.IdeaProjectSerializationService$WriteContext$4: loaded 7 times (x 83B)
Class com.intellij.gradle.toolingExtension.impl.telemetry.GradleOpenTelemetry         : loaded 7 times (x 72B)
Class org.jetbrains.kotlin.idea.gradleTooling.AndroidAwareGradleModelProvider         : loaded 7 times (x 79B)
Class com.amazon.ion.impl.bin.IonRawBinaryWriter$PatchPoint                           : loaded 7 times (x 72B)
Class com.amazon.ion.IonBlob                                                          : loaded 7 times (x 70B)
Class com.amazon.ion.IonLob                                                           : loaded 7 times (x 70B)
Class com.amazon.ion.IonSequence                                                      : loaded 7 times (x 70B)
Class gnu.trove.TObjectHash$NULL                                                      : loaded 7 times (x 71B)
Class com.amazon.ion.impl.lite.IonSystemLite                                          : loaded 7 times (x 275B)
Class com.amazon.ion.util.InputStreamInterceptor                                      : loaded 7 times (x 70B)
Class com.amazon.ion.impl.bin.IonRawBinaryWriter$PreallocationMode                    : loaded 7 times (x 82B)
Class com.amazon.ion.impl.bin._Private_IonRawWriter                                   : loaded 7 times (x 70B)
Class com.amazon.ion.IonWriter                                                        : loaded 7 times (x 70B)
Class org.jetbrains.plugins.gradle.tooling.serialization.internal.IdeaProjectSerializationService$WriteContext$3: loaded 7 times (x 83B)
Class org.jetbrains.plugins.gradle.tooling.serialization.AnnotationProcessingModelSerializationService$ReadContext: loaded 7 times (x 72B)
Class [Lio.opentelemetry.context.Scope;                                               : loaded 7 times (x 69B)
Class com.amazon.ion.impl.bin.PooledBlockAllocatorProvider                            : loaded 7 times (x 73B)
Class com.amazon.ion.IonContainer                                                     : loaded 7 times (x 70B)
Class com.amazon.ion.impl.lite.IonValueLite                                           : loaded 7 times (x 148B)
Class com.amazon.ion.impl._Private_IonSymbol                                          : loaded 7 times (x 70B)
Class io.opentelemetry.api.trace.TraceFlags                                           : loaded 7 times (x 70B)
Class com.amazon.ion.impl.bin.utf8.Utf8StringEncoder                                  : loaded 7 times (x 80B)
Class [Lcom.amazon.ion.impl.bin.IonManagedBinaryWriter$UserState;                     : loaded 7 times (x 69B)
Class com.amazon.ion.system.IonReaderBuilder                                          : loaded 7 times (x 95B)
Class org.jetbrains.plugins.gradle.tooling.serialization.internal.IdeaProjectSerializationService$WriteContext$2: loaded 7 times (x 83B)
Class com.amazon.ion.impl.bin.utf8.Pool                                               : loaded 7 times (x 74B)
Class io.opentelemetry.api.trace.TraceState                                           : loaded 7 times (x 70B)
Class org.jetbrains.plugins.gradle.model.ExternalProject                              : loaded 7 times (x 70B)
Class org.jetbrains.plugins.gradle.tooling.serialization.internal.IdeaProjectSerializationService$WriteContext$1: loaded 7 times (x 83B)
Class [Lcom.amazon.ion.util.InputStreamInterceptor;                                   : loaded 7 times (x 69B)
Class com.amazon.ion.impl.bin.IonManagedBinaryWriter$SymbolState$4                    : loaded 7 times (x 80B)
Class org.jetbrains.plugins.gradle.model.AnnotationProcessingConfig                   : loaded 7 times (x 70B)
Class com.intellij.gradle.toolingExtension.impl.model.sourceSetArtifactIndex.GradleSourceSetArtifactBuildRequest: loaded 7 times (x 70B)
Class com.amazon.ion.IonBinaryWriter                                                  : loaded 7 times (x 70B)
Class com.amazon.ion.impl.bin.IonRawBinaryWriter$StreamFlushMode                      : loaded 7 times (x 79B)
Class com.amazon.ion.impl.bin.IonManagedBinaryWriter$SymbolState$3                    : loaded 7 times (x 80B)
Class com.amazon.ion.impl._Private_IonContainer                                       : loaded 7 times (x 70B)
Class com.intellij.gradle.toolingExtension.impl.model.buildScriptClasspathModel.GradleBuildScriptClasspathSerializationService$ReadContext: loaded 7 times (x 72B)
Class com.amazon.ion.impl.bin.IonRawBinaryWriter$ContainerInfo                        : loaded 7 times (x 74B)
Class com.intellij.gradle.toolingExtension.impl.model.warmUp.GradleTaskWarmUpRequest  : loaded 7 times (x 70B)
Class com.amazon.ion.IonNull                                                          : loaded 7 times (x 70B)
Class com.amazon.ion.impl.bin.IonManagedBinaryWriter$SymbolState$2                    : loaded 7 times (x 80B)
Class org.jetbrains.plugins.gradle.model.ExternalSourceSet                            : loaded 7 times (x 70B)
Class org.jetbrains.plugins.gradle.model.ProjectImportModelProvider                   : loaded 7 times (x 70B)
Class com.amazon.ion.IonReader                                                        : loaded 7 times (x 70B)
Class com.intellij.gradle.toolingExtension.impl.model.dependencyModel.DependencyReadContext: loaded 7 times (x 72B)
Class com.intellij.gradle.toolingExtension.impl.model.sourceSetDependencyModel.GradleSourceSetDependencySerialisationService$SourceSetDependencyModelReadContext: loaded 7 times (x 72B)
Class org.jetbrains.plugins.gradle.model.VersionCatalogsModel                         : loaded 7 times (x 70B)
Class [Lcom.amazon.ion.IonType;                                                       : loaded 7 times (x 69B)
Class com.amazon.ion.impl.LocalSymbolTableAsStruct$Factory                            : loaded 7 times (x 79B)
Class com.amazon.ion.impl.bin.IonManagedBinaryWriter$SymbolState$1                    : loaded 7 times (x 80B)
Class com.amazon.ion.system.IonTextWriterBuilder                                      : loaded 7 times (x 98B)
Class com.amazon.ion.impl.bin.IonManagedBinaryWriter$ImportedSymbolResolverMode$1$1$1 : loaded 7 times (x 76B)
Class com.amazon.ion.impl._Private_LocalSymbolTableFactory                            : loaded 7 times (x 70B)
Class org.jetbrains.plugins.gradle.tooling.serialization.AnnotationProcessingModelSerializationService: loaded 7 times (x 77B)
Class gnu.trove.Equality                                                              : loaded 7 times (x 70B)
Class com.intellij.util.containers.IntObjectHashMap                                   : loaded 7 times (x 72B)
Class org.jetbrains.plugins.gradle.model.ExternalDependency                           : loaded 7 times (x 70B)
Class com.amazon.ion.impl.SharedSymbolTable                                           : loaded 7 times (x 93B)
Class com.amazon.ion.impl.bin.IonRawBinaryWriter                                      : loaded 7 times (x 168B)
Class com.amazon.ion.SymbolToken                                                      : loaded 7 times (x 70B)
Class org.jetbrains.plugins.gradle.model.IntelliJProjectSettings                      : loaded 7 times (x 70B)
Class io.opentelemetry.context.Context                                                : loaded 7 times (x 70B)
Class com.amazon.ion.UnknownSymbolException                                           : loaded 7 times (x 86B)
Class com.android.ide.gradle.model.composites.BuildMap                                : loaded 7 times (x 70B)
Class com.amazon.ion.impl.lite.IonNullLite                                            : loaded 7 times (x 176B)
Class org.jetbrains.plugins.gradle.model.DependencyAccessorsModel                     : loaded 7 times (x 70B)
Class com.amazon.ion.IonClob                                                          : loaded 7 times (x 70B)
Class io.opentelemetry.context.ThreadLocalContextStorage                              : loaded 7 times (x 85B)
Class com.amazon.ion.impl.bin.IonRawBinaryWriter$ThrowingRunnable                     : loaded 7 times (x 70B)
Class com.amazon.ion.impl.bin.IonManagedBinaryWriter$LocalSymbolTableView             : loaded 7 times (x 119B)
Class [Lcom.intellij.openapi.externalSystem.model.project.dependencies.ResolutionState;: loaded 7 times (x 69B)
Class gnu.trove.TObjectIntHashMap                                                     : loaded 7 times (x 109B)
Class org.jetbrains.plugins.gradle.tooling.serialization.ExternalTestsSerializationService$WriteContext: loaded 7 times (x 72B)
Class com.intellij.platform.diagnostic.telemetry.rt.context.TelemetryContext          : loaded 7 times (x 134B)
Class [Lio.opentelemetry.context.ContextStorage;                                      : loaded 7 times (x 69B)
Class [Lio.opentelemetry.api.trace.TraceFlags;                                        : loaded 7 times (x 69B)
Class org.jetbrains.kotlin.idea.gradleTooling.KotlinGradleModel                       : loaded 7 times (x 70B)
Class org.jetbrains.plugins.gradle.tooling.serialization.internal.IdeaProjectSerializationService$ReadContext: loaded 7 times (x 72B)
Class com.intellij.gradle.toolingExtension.impl.model.sourceSetModel.GradleSourceSetSerialisationService$SourceSetModelWriteContext: loaded 7 times (x 72B)
Class com.amazon.ion.impl.bin.IonManagedBinaryWriter$SymbolResolverBuilder            : loaded 7 times (x 70B)
Class io.opentelemetry.api.internal.ImmutableSpanContext                              : loaded 7 times (x 91B)
Class com.amazon.ion.system.IonSystemBuilder$Mutable                                  : loaded 7 times (x 75B)
Class org.jetbrains.plugins.gradle.tooling.serialization.KotlinDslScriptsModelSerializationService: loaded 7 times (x 81B)
Class org.jetbrains.plugins.gradle.model.ExternalProjectDependency                    : loaded 7 times (x 70B)
Class com.amazon.ion.impl.lite.IonClobLite                                            : loaded 7 times (x 221B)
Class com.amazon.ion.impl._Private_ValueFactory                                       : loaded 7 times (x 70B)
Class com.amazon.ion.impl.bin.IonRawBinaryWriter$PreallocationMode$1                  : loaded 7 times (x 82B)
Class [Lcom.amazon.ion.impl.bin._Private_IonManagedBinaryWriterBuilder$AllocatorMode; : loaded 7 times (x 69B)
Class com.amazon.ion.impl.lite.IonBoolLite                                            : loaded 7 times (x 179B)
Class io.opentelemetry.api.trace.ImmutableTraceFlags                                  : loaded 7 times (x 77B)
Class [Lcom.amazon.ion.SymbolToken;                                                   : loaded 7 times (x 69B)
Class Program                                                                         : loaded 7 times (x 72B)
Class org.jetbrains.kotlin.idea.gradleTooling.KotlinMPPGradleModel                    : loaded 7 times (x 70B)
Class io.opentelemetry.context.propagation.ContextPropagators                         : loaded 7 times (x 70B)
Class com.intellij.gradle.toolingExtension.impl.model.dependencyDownloadPolicyModel.GradleDependencyDownloadPolicy: loaded 7 times (x 70B)
Class com.intellij.gradle.toolingExtension.impl.model.projectModel.GradleExternalProjectSerializationService$WriteContext: loaded 7 times (x 73B)
Class com.amazon.ion.impl.bin._Private_IonManagedBinaryWriterBuilder                  : loaded 7 times (x 72B)
Class com.amazon.ion.impl._Private_IonWriter                                          : loaded 7 times (x 70B)
Class com.amazon.ion.impl.bin.IonManagedBinaryWriter$UserState                        : loaded 7 times (x 85B)
Class org.jetbrains.plugins.gradle.tooling.serialization.RepositoriesModelSerializationService$ReadContext: loaded 7 times (x 72B)
Class io.opentelemetry.api.internal.AutoValue_ImmutableSpanContext                    : loaded 7 times (x 92B)
Class [Lcom.amazon.ion.impl.bin.AbstractIonWriter$WriteValueOptimization;             : loaded 7 times (x 69B)
Class com.intellij.gradle.toolingExtension.impl.model.sourceSetModel.GradleSourceSetSerialisationService$SourceSetModelReadContext: loaded 7 times (x 72B)
Class com.intellij.gradle.toolingExtension.impl.model.utilTurnOffDefaultTasksModel.TurnOffDefaultTasks: loaded 7 times (x 70B)
Class io.opentelemetry.api.trace.TraceId                                              : loaded 7 times (x 71B)
Class org.jetbrains.plugins.gradle.tooling.serialization.RepositoriesModelSerializationService: loaded 7 times (x 82B)
Class com.amazon.ion.impl.bin.Symbols                                                 : loaded 7 times (x 71B)
Class org.jetbrains.kotlin.idea.gradleTooling.model.kapt.KaptGradleModel              : loaded 7 times (x 70B)
Class com.amazon.ion.IonBufferConfiguration                                           : loaded 7 times (x 72B)
Class org.jetbrains.kotlin.idea.gradleTooling.KotlinDslScriptAdditionalTask           : loaded 7 times (x 70B)
Class org.jetbrains.plugins.gradle.model.ClasspathEntryModel                          : loaded 7 times (x 70B)
Class com.android.ide.gradle.model.artifacts.AdditionalClassifierArtifactsModel       : loaded 7 times (x 70B)
Class com.amazon.ion.IonInt                                                           : loaded 7 times (x 70B)
Class com.amazon.ion.IonCatalog                                                       : loaded 7 times (x 70B)
Class com.amazon.ion.system.IonSystemBuilder                                          : loaded 7 times (x 75B)
Class com.amazon.ion.impl._Private_IonWriterBase                                      : loaded 7 times (x 162B)
Class [Lcom.amazon.ion.impl.bin.IonManagedBinaryWriter$SymbolState;                   : loaded 7 times (x 69B)
Class com.amazon.ion.impl.bin.IonRawBinaryWriter$PreallocationMode$2                  : loaded 7 times (x 82B)
Class org.jetbrains.kotlin.idea.gradleTooling.PrepareKotlinIdeImportTaskModel         : loaded 7 times (x 70B)
Class org.jetbrains.plugins.gradle.tooling.serialization.ProjectDependenciesSerializationService$ReadContext: loaded 7 times (x 72B)
Class com.intellij.openapi.externalSystem.model.project.dependencies.ProjectDependencies: loaded 7 times (x 70B)
Class io.opentelemetry.api.trace.TraceStateBuilder                                    : loaded 7 times (x 70B)
Class com.amazon.ion.IonTimestamp                                                     : loaded 7 times (x 70B)
Class com.amazon.ion.impl.bin.PooledBlockAllocatorProvider$PooledBlockAllocator       : loaded 7 times (x 81B)
Class com.intellij.openapi.externalSystem.model.project.IExternalSystemSourceType     : loaded 7 times (x 70B)
Class com.intellij.platform.diagnostic.telemetry.rt.context.TelemetryContextGetter    : loaded 7 times (x 75B)
Class org.jetbrains.plugins.gradle.tooling.serialization.GradleExtensionsSerializationService: loaded 7 times (x 77B)
Class com.amazon.ion.impl._Private_IonReaderBuilder$Mutable                           : loaded 7 times (x 97B)
Class [Lcom.amazon.ion.util.GzipStreamInterceptor;                                    : loaded 7 times (x 69B)
Class com.android.ide.gradle.model.GradlePluginModel                                  : loaded 7 times (x 70B)
Class org.jetbrains.plugins.gradle.tooling.util.ObjectCollector                       : loaded 7 times (x 72B)
Class org.jetbrains.plugins.gradle.model.GradleTaskModel                              : loaded 7 times (x 70B)
Class com.amazon.ion.impl.bin._Private_IonManagedBinaryWriterBuilder$AllocatorMode    : loaded 7 times (x 80B)
Class com.amazon.ion.impl._Private_SymbolToken                                        : loaded 7 times (x 70B)
Class com.amazon.ion.impl.bin.IonManagedBinaryWriter$SymbolResolver                   : loaded 7 times (x 70B)
Class com.amazon.ion.impl.bin.IonRawBinaryWriter$PreallocationMode$3                  : loaded 7 times (x 82B)
Class com.amazon.ion.impl.bin.IonManagedBinaryWriter$UserState$1                      : loaded 7 times (x 85B)
Class io.opentelemetry.api.GlobalOpenTelemetry$ObfuscatedOpenTelemetry                : loaded 7 times (x 92B)
Class io.opentelemetry.api.internal.IncubatingUtil                                    : loaded 7 times (x 71B)
Class com.amazon.ion.ValueFactory                                                     : loaded 7 times (x 70B)
Class [Lcom.amazon.ion.impl.bin.IonManagedBinaryWriter$ImportedSymbolResolverMode;    : loaded 7 times (x 69B)
Class com.amazon.ion.impl.IonWriterSystemText                                         : loaded 7 times (x 190B)
Class com.amazon.ion.impl.lite.IonContext                                             : loaded 7 times (x 70B)
Class com.amazon.ion.IonDatagram                                                      : loaded 7 times (x 70B)
Class com.amazon.ion.impl.bin.IonManagedBinaryWriter$ImportedSymbolResolverMode$1$1   : loaded 7 times (x 78B)
Class com.amazon.ion.impl._Private_ByteTransferSink                                   : loaded 7 times (x 70B)
Class com.amazon.ion.impl.lite.IonLoaderLite                                          : loaded 7 times (x 82B)
Class com.intellij.openapi.externalSystem.model.project.dependencies.ResolutionState  : loaded 7 times (x 79B)
Class com.amazon.ion.impl.bin.utf8.Utf8StringEncoderPool$1                            : loaded 7 times (x 76B)
Class org.jetbrains.plugins.gradle.model.ExternalTask                                 : loaded 7 times (x 70B)
Class com.intellij.openapi.externalSystem.model.ExternalSystemException               : loaded 7 times (x 86B)
Class io.opentelemetry.context.LazyStorage                                            : loaded 7 times (x 71B)
Class io.opentelemetry.context.DefaultContextKey                                      : loaded 7 times (x 72B)
Class com.amazon.ion.impl.bin.Block                                                   : loaded 7 times (x 79B)
Class org.jetbrains.plugins.gradle.model.GradleExtension                              : loaded 7 times (x 70B)
Class io.opentelemetry.context.ImplicitContextKeyed                                   : loaded 7 times (x 70B)
Class com.amazon.ion.impl.lite.IonStringLite                                          : loaded 7 times (x 213B)
Class com.amazon.ion.impl.bin.PooledBlockAllocatorProvider$PooledBlockAllocator$1     : loaded 7 times (x 79B)
Class com.amazon.ion.impl.lite.IonDecimalLite                                         : loaded 7 times (x 189B)
Class com.amazon.ion.IonBufferConfiguration$Builder                                   : loaded 7 times (x 78B)
Class io.opentelemetry.context.ThreadLocalContextStorage$NoopScope                    : loaded 7 times (x 85B)
Class [Lio.opentelemetry.context.ThreadLocalContextStorage$NoopScope;                 : loaded 7 times (x 69B)
Class com.intellij.gradle.toolingExtension.impl.model.buildScriptClasspathModel.GradleBuildScriptClasspathSerializationService$WriteContext: loaded 7 times (x 72B)
Class gnu.trove.THash                                                                 : loaded 7 times (x 81B)
Class com.intellij.gradle.toolingExtension.impl.model.taskModel.GradleTaskSerialisationService$Companion: loaded 7 times (x 71B)
Class org.jetbrains.plugins.gradle.tooling.serialization.GradleExtensionsSerializationService$WriteContext: loaded 7 times (x 72B)
Class org.jetbrains.plugins.gradle.javaModel.JavaGradleManifestModel                  : loaded 7 times (x 70B)
Class com.amazon.ion.SymbolTable                                                      : loaded 7 times (x 70B)
Class com.amazon.ion.IonMutableCatalog                                                : loaded 7 times (x 70B)
Class com.amazon.ion.impl._Private_IonReaderBuilder                                   : loaded 7 times (x 97B)
Class org.jetbrains.plugins.gradle.ExternalDependencyId                               : loaded 7 times (x 70B)
Class org.jetbrains.plugins.gradle.tooling.ModelBuilderService$Parameter              : loaded 7 times (x 70B)
Class org.jetbrains.plugins.gradle.model.ExternalLibraryDependency                    : loaded 7 times (x 70B)
Class io.opentelemetry.api.trace.DefaultTracerProvider                                : loaded 7 times (x 79B)
Class com.amazon.ion.impl.bin._Private_IonManagedBinaryWriterBuilder$AllocatorMode$2  : loaded 7 times (x 80B)
Class com.amazon.ion.impl._Private_IonTextWriterBuilder                               : loaded 7 times (x 102B)
Class com.amazon.ion.impl.lite.IonFloatLite                                           : loaded 7 times (x 187B)
Class gnu.trove.TObjectHashingStrategy                                                : loaded 7 times (x 70B)
Class org.jetbrains.plugins.gradle.tooling.serialization.ProjectDependenciesSerializationService: loaded 7 times (x 77B)
Class com.amazon.ion.impl.bin.IonManagedBinaryWriter$ImportDescriptor                 : loaded 7 times (x 76B)
Class org.jetbrains.plugins.gradle.tooling.serialization.ProjectDependenciesSerializationService$WriteContext: loaded 7 times (x 72B)
Class com.amazon.ion.impl.bin._Private_IonManagedBinaryWriterBuilder$AllocatorMode$1  : loaded 7 times (x 80B)
Class com.amazon.ion.Decimal                                                          : loaded 7 times (x 133B)
Class com.amazon.ion.impl.bin.AbstractSymbolTable                                     : loaded 7 times (x 107B)
Class com.amazon.ion.impl._Private_ReaderWriter                                       : loaded 7 times (x 70B)
Class com.amazon.ion.impl.lite.IonStructLite                                          : loaded 7 times (x 299B)
Class com.intellij.gradle.toolingExtension.impl.util.collectionUtil.GradleCollections : loaded 7 times (x 71B)
Class com.intellij.compose.ide.plugin.gradleTooling.rt.ComposeResourcesModel          : loaded 7 times (x 70B)
Class org.jetbrains.kotlin.idea.gradleTooling.KotlinGradlePluginVersion               : loaded 7 times (x 70B)
Class com.amazon.ion.IonValue                                                         : loaded 7 times (x 70B)
Class com.amazon.ion.impl.lite.IonLobLite                                             : loaded 7 times (x 185B)
Class org.jetbrains.plugins.gradle.tooling.serialization.AnnotationProcessingModelSerializationService$WriteContext: loaded 7 times (x 72B)
Class io.opentelemetry.api.trace.DefaultTracer$NoopSpanBuilder                        : loaded 7 times (x 91B)
Class io.opentelemetry.api.trace.SpanContext                                          : loaded 7 times (x 70B)
Class com.amazon.ion.IonSymbol                                                        : loaded 7 times (x 70B)
Class com.amazon.ion.impl.bin.utf8.Poolable                                           : loaded 7 times (x 79B)
Class [Lcom.amazon.ion.impl.bin.IonRawBinaryWriter$ContainerType;                     : loaded 7 times (x 69B)
Class com.amazon.ion.impl.lite.IonTextLite                                            : loaded 7 times (x 182B)
Class com.amazon.ion.facet.Faceted                                                    : loaded 7 times (x 70B)
Class org.jetbrains.plugins.gradle.tooling.serialization.ToolingStreamApiUtils        : loaded 7 times (x 71B)
Class com.amazon.ion.system.IonWriterBuilder                                          : loaded 7 times (x 74B)
Class com.amazon.ion.IonBufferConfiguration$OversizedSymbolTableHandler               : loaded 7 times (x 70B)
Class com.amazon.ion.impl.lite.IonContainerLite                                       : loaded 7 times (x 249B)
Class org.jetbrains.plugins.gradle.tooling.serialization.ExternalTestsSerializationService: loaded 7 times (x 77B)
Class com.intellij.gradle.toolingExtension.util.GradleVersionUtil                     : loaded 7 times (x 71B)
Class com.amazon.ion.impl.bin._Private_IonManagedWriter                               : loaded 7 times (x 70B)
Class com.amazon.ion.impl.bin.Symbols$2                                               : loaded 7 times (x 107B)
Class com.amazon.ion.impl.IonWriterSystem                                             : loaded 7 times (x 171B)
Class com.android.ide.gradle.model.GradlePropertiesModel                              : loaded 7 times (x 70B)
Class com.amazon.ion.impl.bin.utf8.Utf8StringEncoder$Result                           : loaded 7 times (x 74B)
Class com.amazon.ion.impl.bin.utf8.Pool$Allocator                                     : loaded 7 times (x 70B)
Class com.amazon.ion.IonText                                                          : loaded 7 times (x 70B)
Class com.android.ide.gradle.model.dependencies.DeclaredDependencies                  : loaded 7 times (x 70B)
Class org.jetbrains.plugins.gradle.model.IntelliJSettings                             : loaded 7 times (x 70B)
Class io.opentelemetry.context.propagation.DefaultContextPropagators                  : loaded 7 times (x 75B)
Class com.amazon.ion.impl.bin.IonRawBinaryWriter$ContainerType                        : loaded 7 times (x 79B)
Class com.amazon.ion.impl._Private_IonTextWriterBuilder$Mutable                       : loaded 7 times (x 102B)
Class io.opentelemetry.context.ContextStorageWrappers                                 : loaded 7 times (x 71B)
Class org.jetbrains.kotlin.idea.gradleTooling.KotlinSourceSetContainer                : loaded 7 times (x 70B)
Class com.amazon.ion.impl.SymbolTokenImpl                                             : loaded 7 times (x 81B)
Class com.amazon.ion.SubstituteSymbolTableException                                   : loaded 7 times (x 84B)
Class io.opentelemetry.api.trace.SpanContextKey                                       : loaded 7 times (x 71B)
Class com.amazon.ion.IonNumber                                                        : loaded 7 times (x 70B)
Class com.google.common.collect.Multimap                                              : loaded 6 times (x 70B)
Class com.google.common.base.ExtraObjectsMethodsForWeb                                : loaded 6 times (x 71B)
Class com.google.common.base.Objects                                                  : loaded 6 times (x 71B)
Class com.google.common.base.CharMatcher$Negated                                      : loaded 5 times (x 114B)
Class com.google.gson.FieldNamingPolicy$5                                             : loaded 5 times (x 85B)
Class com.google.common.base.CharMatcher$Is                                           : loaded 5 times (x 112B)
Class com.google.common.base.Function                                                 : loaded 5 times (x 70B)
Class com.google.gson.JsonSyntaxException                                             : loaded 5 times (x 82B)
Class com.google.gson.internal.bind.TypeAdapters$25                                   : loaded 5 times (x 75B)
Class com.google.gson.internal.bind.TypeAdapters$9                                    : loaded 5 times (x 75B)
Class com.google.gson.internal.Primitives                                             : loaded 5 times (x 71B)
Class com.google.gson.stream.JsonWriter                                               : loaded 5 times (x 98B)
Class com.google.gson.internal.Streams                                                : loaded 5 times (x 71B)
Class com.google.gson.internal.bind.TypeAdapters$31                                   : loaded 5 times (x 76B)
Class com.google.gson.internal.bind.TypeAdapters$8                                    : loaded 5 times (x 75B)
Class com.google.gson.GsonBuilder                                                     : loaded 5 times (x 72B)
Class com.google.gson.internal.bind.DefaultDateTypeAdapter                            : loaded 5 times (x 74B)
Class com.google.gson.internal.bind.CollectionTypeAdapterFactory$Adapter              : loaded 5 times (x 74B)
Class com.google.gson.internal.bind.ObjectTypeAdapter$1                               : loaded 5 times (x 76B)
Class com.google.gson.internal.LazilyParsedNumber                                     : loaded 5 times (x 78B)
Class com.google.gson.internal.bind.TypeAdapters$32                                   : loaded 5 times (x 76B)
Class com.google.gson.internal.bind.JsonAdapterAnnotationTypeAdapterFactory$DummyTypeAdapterFactory: loaded 5 times (x 75B)
Class com.google.common.collect.RegularImmutableSortedSet                             : loaded 5 times (x 300B)
Class com.google.gson.internal.bind.DefaultDateTypeAdapter$DateType$1                 : loaded 5 times (x 73B)
Class com.google.gson.internal.bind.TypeAdapters$7                                    : loaded 5 times (x 75B)
Class com.google.gson.annotations.SerializedName                                      : loaded 5 times (x 70B)
Class com.google.common.base.CharMatcher$IsNot                                        : loaded 5 times (x 112B)
Class com.google.gson.internal.ConstructorConstructor                                 : loaded 5 times (x 72B)
Class com.google.gson.internal.bind.TypeAdapters$6                                    : loaded 5 times (x 75B)
Class com.google.gson.internal.bind.TypeAdapters$19                                   : loaded 5 times (x 75B)
Class com.google.gson.internal.bind.ReflectiveTypeAdapterFactory$FieldReflectionAdapter: loaded 5 times (x 77B)
Class com.google.gson.Gson                                                            : loaded 5 times (x 72B)
Class com.google.gson.internal.sql.SqlTypesSupport                                    : loaded 5 times (x 71B)
Class com.google.common.collect.ImmutableSortedSet                                    : loaded 5 times (x 300B)
Class com.google.common.collect.Lists$ReverseList                                     : loaded 5 times (x 200B)
Class com.google.gson.ReflectionAccessFilter$FilterResult                             : loaded 5 times (x 79B)
Class com.google.gson.Gson$5                                                          : loaded 5 times (x 76B)
Class com.google.gson.internal.bind.TypeAdapterRuntimeTypeWrapper                     : loaded 5 times (x 74B)
Class com.google.gson.internal.bind.ObjectTypeAdapter                                 : loaded 5 times (x 74B)
Class com.google.common.collect.ImmutableSet$SetBuilderImpl                           : loaded 5 times (x 76B)
Class com.google.gson.internal.bind.TypeAdapters$5                                    : loaded 5 times (x 75B)
Class com.google.gson.FieldNamingPolicy$4                                             : loaded 5 times (x 85B)
Class com.google.gson.internal.bind.TypeAdapters$24                                   : loaded 5 times (x 75B)
Class com.google.gson.internal.bind.TypeAdapters$18                                   : loaded 5 times (x 75B)
Class com.google.gson.internal.bind.SerializationDelegatingTypeAdapter                : loaded 5 times (x 74B)
Class com.google.gson.annotations.JsonAdapter                                         : loaded 5 times (x 70B)
Class com.google.gson.stream.JsonReader                                               : loaded 5 times (x 97B)
Class com.google.gson.internal.sql.SqlDateTypeAdapter                                 : loaded 5 times (x 74B)
Class com.google.gson.internal.bind.TypeAdapters$4                                    : loaded 5 times (x 75B)
Class com.google.gson.internal.bind.TypeAdapters$17                                   : loaded 5 times (x 75B)
Class com.google.gson.Gson$4                                                          : loaded 5 times (x 76B)
Class com.google.gson.internal.bind.DefaultDateTypeAdapter$1                          : loaded 5 times (x 75B)
Class com.google.common.collect.ImmutableRangeSet                                     : loaded 5 times (x 115B)
Class com.google.gson.internal.sql.SqlTypesSupport$2                                  : loaded 5 times (x 74B)
Class com.google.gson.internal.bind.TypeAdapters$3                                    : loaded 5 times (x 75B)
Class com.google.gson.internal.bind.ArrayTypeAdapter                                  : loaded 5 times (x 74B)
Class com.google.gson.internal.bind.TypeAdapters$16                                   : loaded 5 times (x 75B)
Class com.google.gson.internal.bind.ReflectiveTypeAdapterFactory$RecordAdapter        : loaded 5 times (x 77B)
Class com.google.common.collect.ImmutableAsList                                       : loaded 5 times (x 209B)
Class com.google.gson.TypeAdapterFactory                                              : loaded 5 times (x 70B)
Class com.google.gson.internal.bind.JsonTreeReader                                    : loaded 5 times (x 98B)
Class com.google.gson.internal.bind.TypeAdapters$30                                   : loaded 5 times (x 76B)
Class com.google.gson.internal.sql.SqlTypesSupport$1                                  : loaded 5 times (x 74B)
Class com.google.gson.internal.bind.TypeAdapters$15                                   : loaded 5 times (x 75B)
Class com.google.gson.internal.bind.TypeAdapters$2                                    : loaded 5 times (x 75B)
Class com.google.common.collect.ImmutableList$Builder                                 : loaded 5 times (x 77B)
Class com.google.gson.Strictness                                                      : loaded 5 times (x 79B)
Class com.google.common.base.CharMatcher                                              : loaded 5 times (x 112B)
Class com.google.common.collect.ImmutableSet$CachingAsList                            : loaded 5 times (x 148B)
Class com.google.gson.internal.reflect.ReflectionHelper$RecordNotSupportedHelper      : loaded 5 times (x 78B)
Class com.google.gson.JsonIOException                                                 : loaded 5 times (x 82B)
Class com.google.gson.internal.bind.TypeAdapters$14                                   : loaded 5 times (x 75B)
Class com.google.common.collect.ImmutableRangeSet$AsSet                               : loaded 5 times (x 300B)
Class com.google.common.collect.ImmutableCollection$Builder                           : loaded 5 times (x 76B)
Class com.google.gson.ToNumberPolicy$4                                                : loaded 5 times (x 83B)
Class com.google.gson.internal.bind.TypeAdapters$1                                    : loaded 5 times (x 75B)
Class com.google.gson.internal.bind.NumberTypeAdapter$1                               : loaded 5 times (x 76B)
Class com.google.gson.internal.bind.MapTypeAdapterFactory$Adapter                     : loaded 5 times (x 74B)
Class com.google.gson.internal.sql.SqlTimeTypeAdapter$1                               : loaded 5 times (x 75B)
Class com.google.common.base.Joiner$1                                                 : loaded 5 times (x 81B)
Class com.google.common.base.CharMatcher$AnyOf                                        : loaded 5 times (x 113B)
Class com.google.gson.internal.bind.TypeAdapters                                      : loaded 5 times (x 71B)
Class com.google.gson.FormattingStyle                                                 : loaded 5 times (x 78B)
Class com.google.gson.FieldNamingPolicy                                               : loaded 5 times (x 85B)
Class com.google.gson.internal.bind.TypeAdapters$13                                   : loaded 5 times (x 75B)
Class com.google.gson.Gson$FutureTypeAdapter                                          : loaded 5 times (x 76B)
Class [Lcom.google.gson.ToNumberStrategy;                                             : loaded 5 times (x 69B)
Class com.google.gson.FieldNamingPolicy$3                                             : loaded 5 times (x 85B)
Class com.google.gson.internal.bind.TypeAdapters$23                                   : loaded 5 times (x 75B)
Class com.google.gson.internal.bind.TypeAdapters$26                                   : loaded 5 times (x 75B)
Class com.google.gson.FieldNamingPolicy$6                                             : loaded 5 times (x 85B)
Class com.google.gson.internal.bind.TypeAdapters$12                                   : loaded 5 times (x 75B)
Class com.google.common.collect.Lists$ReverseList$1                                   : loaded 5 times (x 99B)
Class com.google.common.collect.ImmutableRangeSet$Builder                             : loaded 5 times (x 77B)
Class com.google.common.collect.RegularImmutableAsList                                : loaded 5 times (x 217B)
Class com.google.common.collect.ImmutableRangeSet$1                                   : loaded 5 times (x 210B)
Class com.google.common.collect.RegularImmutableSet                                   : loaded 5 times (x 149B)
Class [Lcom.google.gson.FieldNamingPolicy;                                            : loaded 5 times (x 69B)
Class com.google.gson.internal.bind.TypeAdapters$11                                   : loaded 5 times (x 75B)
Class com.google.gson.internal.reflect.ReflectionHelper$RecordSupportedHelper         : loaded 5 times (x 78B)
Class com.google.gson.JsonArray                                                       : loaded 5 times (x 100B)
Class com.google.common.base.CharMatcher$1                                            : loaded 5 times (x 114B)
Class com.google.common.base.CharMatcher$NamedFastMatcher                             : loaded 5 times (x 113B)
Class com.google.common.collect.SortedIterable                                        : loaded 5 times (x 70B)
Class com.google.gson.LongSerializationPolicy$1                                       : loaded 5 times (x 80B)
Class com.google.gson.Gson$1                                                          : loaded 5 times (x 76B)
Class com.google.gson.FieldNamingStrategy                                             : loaded 5 times (x 70B)
Class com.google.gson.internal.bind.TypeAdapters$10                                   : loaded 5 times (x 75B)
Class com.google.gson.internal.bind.ReflectiveTypeAdapterFactory$Adapter              : loaded 5 times (x 77B)
Class com.google.common.base.Joiner$2                                                 : loaded 5 times (x 80B)
Class com.google.common.collect.Range                                                 : loaded 5 times (x 86B)
Class com.google.gson.stream.MalformedJsonException                                   : loaded 5 times (x 82B)
Class com.google.gson.LongSerializationPolicy$2                                       : loaded 5 times (x 80B)
Class com.google.common.collect.SingletonImmutableSet                                 : loaded 5 times (x 146B)
Class com.google.gson.internal.sql.SqlDateTypeAdapter$1                               : loaded 5 times (x 75B)
Class com.google.gson.internal.bind.JsonAdapterAnnotationTypeAdapterFactory           : loaded 5 times (x 75B)
Class com.google.gson.JsonNull                                                        : loaded 5 times (x 92B)
Class org.gradle.api.GradleException                                                  : loaded 5 times (x 82B)
Class com.google.gson.internal.bind.TypeAdapters$29                                   : loaded 5 times (x 76B)
Class com.google.gson.internal.bind.MapTypeAdapterFactory                             : loaded 5 times (x 75B)
Class org.jetbrains.kotlin.tooling.core.KotlinToolingVersion                          : loaded 5 times (x 75B)
Class com.google.gson.internal.Streams$AppendableWriter                               : loaded 5 times (x 99B)
Class com.google.gson.internal.bind.DefaultDateTypeAdapter$DateType                   : loaded 5 times (x 73B)
Class com.google.gson.internal.sql.SqlTimestampTypeAdapter                            : loaded 5 times (x 76B)
Class com.google.gson.internal.bind.ReflectiveTypeAdapterFactory                      : loaded 5 times (x 75B)
Class com.google.common.collect.ImmutableList$1                                       : loaded 5 times (x 97B)
Class com.google.gson.Gson$3                                                          : loaded 5 times (x 75B)
Class com.google.gson.LongSerializationPolicy                                         : loaded 5 times (x 80B)
Class com.google.common.collect.RangeSet                                              : loaded 5 times (x 70B)
Class com.google.common.collect.ImmutableList$ReverseImmutableList                    : loaded 5 times (x 207B)
Class com.google.gson.internal.bind.ReflectiveTypeAdapterFactory$BoundField           : loaded 5 times (x 75B)
Class com.google.common.collect.RegularImmutableList                                  : loaded 5 times (x 207B)
Class com.google.gson.internal.bind.NumberTypeAdapter                                 : loaded 5 times (x 74B)
Class com.google.common.collect.SingletonImmutableList                                : loaded 5 times (x 207B)
Class com.google.gson.reflect.TypeToken                                               : loaded 5 times (x 75B)
Class [Lcom.google.gson.Strictness;                                                   : loaded 5 times (x 69B)
Class com.google.common.base.CharMatcher$BitSetMatcher                                : loaded 5 times (x 113B)
Class com.google.gson.internal.bind.JsonTreeWriter                                    : loaded 5 times (x 98B)
Class com.google.gson.internal.bind.ReflectiveTypeAdapterFactory$1                    : loaded 5 times (x 74B)
Class com.google.gson.internal.bind.ArrayTypeAdapter$1                                : loaded 5 times (x 75B)
Class com.google.common.collect.ImmutableSet                                          : loaded 5 times (x 145B)
Class com.google.gson.internal.sql.SqlTimestampTypeAdapter$1                          : loaded 5 times (x 75B)
Class com.google.common.collect.NullnessCasts                                         : loaded 5 times (x 71B)
Class com.google.gson.JsonPrimitive                                                   : loaded 5 times (x 93B)
Class com.google.gson.internal.Excluder$1                                             : loaded 5 times (x 74B)
Class com.google.gson.FieldNamingPolicy$2                                             : loaded 5 times (x 85B)
Class com.google.gson.internal.bind.TypeAdapters$22                                   : loaded 5 times (x 75B)
Class com.google.common.base.Joiner                                                   : loaded 5 times (x 80B)
Class [Lcom.google.gson.LongSerializationPolicy;                                      : loaded 5 times (x 69B)
Class [Lcom.google.gson.ReflectionAccessFilter$FilterResult;                          : loaded 5 times (x 69B)
Class com.google.gson.JsonElement                                                     : loaded 5 times (x 92B)
Class com.google.common.base.CharMatcher$Or                                           : loaded 5 times (x 113B)
Class com.google.gson.internal.bind.ReflectiveTypeAdapterFactory$2                    : loaded 5 times (x 79B)
Class com.google.common.collect.ImmutableRangeSet$ComplementRanges                    : loaded 5 times (x 207B)
Class com.google.gson.JsonParseException                                              : loaded 5 times (x 82B)
Class com.google.common.base.CharMatcher$And                                          : loaded 5 times (x 113B)
Class com.google.gson.ToNumberPolicy$1                                                : loaded 5 times (x 83B)
Class [Lcom.google.gson.FieldNamingStrategy;                                          : loaded 5 times (x 69B)
Class com.google.gson.internal.Excluder                                               : loaded 5 times (x 75B)
Class com.google.common.collect.ImmutableSet$RegularSetBuilderImpl                    : loaded 5 times (x 77B)
Class com.google.gson.ToNumberPolicy                                                  : loaded 5 times (x 83B)
Class [Lcom.google.gson.ToNumberPolicy;                                               : loaded 5 times (x 69B)
Class com.google.gson.internal.bind.CollectionTypeAdapterFactory                      : loaded 5 times (x 75B)
Class com.google.common.collect.AbstractRangeSet                                      : loaded 5 times (x 114B)
Class com.google.common.base.CharMatcher$NegatedFastMatcher                           : loaded 5 times (x 114B)
Class com.google.gson.ToNumberPolicy$3                                                : loaded 5 times (x 83B)
Class com.google.gson.internal.bind.ReflectiveTypeAdapterFactory$FieldsData           : loaded 5 times (x 72B)
Class com.google.gson.Gson$2                                                          : loaded 5 times (x 76B)
Class com.google.gson.ToNumberStrategy                                                : loaded 5 times (x 70B)
Class com.google.gson.TypeAdapter                                                     : loaded 5 times (x 73B)
Class com.google.common.base.CharMatcher$ForPredicate                                 : loaded 5 times (x 113B)
Class com.google.common.base.CharMatcher$InRange                                      : loaded 5 times (x 112B)
Class com.google.gson.JsonObject                                                      : loaded 5 times (x 93B)
Class com.google.common.collect.Lists$RandomAccessReverseList                         : loaded 5 times (x 200B)
Class org.gradle.internal.Cast                                                        : loaded 5 times (x 71B)
Class org.gradle.api.Action                                                           : loaded 5 times (x 70B)
Class com.google.gson.internal.bind.TreeTypeAdapter                                   : loaded 5 times (x 75B)
Class com.google.gson.internal.sql.SqlTimeTypeAdapter                                 : loaded 5 times (x 74B)
Class com.google.common.base.CharMatcher$FastMatcher                                  : loaded 5 times (x 112B)
Class com.google.gson.FieldNamingPolicy$1                                             : loaded 5 times (x 85B)
Class com.google.gson.internal.bind.TypeAdapters$21                                   : loaded 5 times (x 75B)
Class com.google.gson.internal.ObjectConstructor                                      : loaded 5 times (x 70B)
Class com.google.gson.internal.ReflectionAccessFilterHelper                           : loaded 5 times (x 71B)
Class com.google.gson.internal.reflect.ReflectionHelper$RecordHelper                  : loaded 5 times (x 75B)
Class com.google.gson.ToNumberPolicy$2                                                : loaded 5 times (x 83B)
Class com.google.gson.FieldNamingPolicy$7                                             : loaded 5 times (x 85B)
Class org.gradle.internal.IoActions                                                   : loaded 5 times (x 71B)
Class com.google.gson.internal.bind.TypeAdapters$27                                   : loaded 5 times (x 75B)
Class com.google.common.collect.ImmutableList$SubList                                 : loaded 5 times (x 207B)
Class com.google.common.collect.ForwardingObject                                      : loaded 5 times (x 72B)
Class com.google.gson.internal.reflect.ReflectionHelper                               : loaded 5 times (x 71B)
Class com.google.gson.internal.bind.TypeAdapters$20                                   : loaded 5 times (x 75B)
Class com.google.common.base.CharMatcher$IsEither                                     : loaded 5 times (x 112B)
Class com.google.common.base.Predicate                                                : loaded 5 times (x 70B)
Class org.jetbrains.kotlin.idea.gradleTooling.ResolveCompilerArgumentsKt              : loaded 4 times (x 71B)
Class org.jetbrains.plugins.gradle.tooling.internal.DefaultRepositoryModels           : loaded 4 times (x 76B)
Class org.jetbrains.kotlin.idea.gradleTooling.model.lombok.LombokModel                : loaded 4 times (x 70B)
Class org.jetbrains.kotlin.idea.gradleTooling.reflect.ReflectionLogger                : loaded 4 times (x 70B)
Class com.android.builder.model.v2.ide.AbstractArtifact                               : loaded 4 times (x 70B)
Class kotlin.text.StringsKt__RegexExtensionsJVMKt                                     : loaded 4 times (x 71B)
Class kotlin.jvm.functions.Function2                                                  : loaded 4 times (x 70B)
Class com.android.builder.model.v2.CustomSourceDirectory                              : loaded 4 times (x 70B)
Class com.google.common.collect.NullsFirstOrdering                                    : loaded 4 times (x 115B)
Class com.android.ide.common.repository.AgpVersion                                    : loaded 4 times (x 75B)
Class org.jetbrains.kotlin.idea.gradleTooling.reflect.KotlinMultiplatformImportReflectionImpl: loaded 4 times (x 76B)
Class kotlin.KotlinNothingValueException                                              : loaded 4 times (x 82B)
Class kotlin.ResultKt                                                                 : loaded 4 times (x 71B)
Class com.android.builder.model.v2.models.ndk.NativeModelBuilderParameter             : loaded 4 times (x 70B)
Class org.gradle.tooling.internal.adapter.ProtocolToModelAdapter$PropertyCachingMethodInvoker: loaded 4 times (x 76B)
Class com.intellij.gradle.toolingExtension.impl.model.dependencyGraphModel.GradleDependencyGraphModelBuilder: loaded 4 times (x 82B)
Class com.intellij.gradle.toolingExtension.impl.util.collectionUtil.GradleCollectionVisitor: loaded 4 times (x 70B)
Class org.jetbrains.plugins.gradle.tooling.builder.WarModelBuilderImplKt              : loaded 4 times (x 71B)
Class com.android.builder.model.v2.ide.Edge                                           : loaded 4 times (x 70B)
Class org.jetbrains.kotlin.idea.gradleTooling.reflect.ReflectionReceiver$Instance     : loaded 4 times (x 77B)
Class kotlin.sequences.FilteringSequence$iterator$1                                   : loaded 4 times (x 79B)
Class org.jetbrains.kotlin.tooling.core.HasMutableExtras                              : loaded 4 times (x 70B)
Class org.jetbrains.plugins.gradle.model.DefaultExternalTask                          : loaded 4 times (x 83B)
Class com.google.common.collect.ReverseOrdering                                       : loaded 4 times (x 115B)
Class com.intellij.gradle.toolingExtension.impl.util.GradleProjectUtil                : loaded 4 times (x 71B)
Class org.jetbrains.kotlin.idea.gradleTooling.reflect.ReflectionReceiver              : loaded 4 times (x 70B)
Class org.jetbrains.plugins.gradle.tooling.serialization.GradleExtensionsSerializationService$1: loaded 4 times (x 76B)
Class kotlin.jvm.internal.StringCompanionObject                                       : loaded 4 times (x 71B)
Class com.android.builder.model.v2.models.VariantDependenciesFlatList                 : loaded 4 times (x 70B)
Class org.gradle.tooling.model.build.JavaEnvironment                                  : loaded 4 times (x 70B)
Class kotlin.enums.EnumEntriesKt                                                      : loaded 4 times (x 71B)
Class org.jetbrains.kotlin.idea.gradleTooling.MultiplatformModelImportingChecker      : loaded 4 times (x 70B)
Class kotlin.coroutines.intrinsics.IntrinsicsKt__IntrinsicsJvmKt                      : loaded 4 times (x 71B)
Class Build_gradle                                                                    : loaded 4 times (x 126B)
Class com.android.builder.model.v2.models.ProjectSyncIssues                           : loaded 4 times (x 70B)
Class kotlin.collections.ArraysKt__ArraysKt                                           : loaded 4 times (x 71B)
Class kotlin.Result$Failure                                                           : loaded 4 times (x 72B)
Class org.gradle.internal.time.DefaultCountdownTimer                                  : loaded 4 times (x 88B)
Class kotlin.jvm.internal.CollectionToArray                                           : loaded 4 times (x 71B)
Class org.jetbrains.kotlin.idea.gradleTooling.AbstractKotlinGradleModelBuilder$Companion: loaded 4 times (x 71B)
Class com.intellij.gradle.toolingExtension.impl.model.sourceSetDependencyModel.DefaultGradleSourceSetDependencyModel: loaded 4 times (x 77B)
Class kotlin.coroutines.jvm.internal.CoroutineStackFrame                              : loaded 4 times (x 70B)
Class com.intellij.gradle.toolingExtension.impl.model.dependencyModel.GradleDependencyTraverser: loaded 4 times (x 80B)
Class org.gradle.tooling.internal.adapter.ProtocolToModelAdapter$ViewKey              : loaded 4 times (x 72B)
Class kotlin.collections.CollectionsKt__MutableCollectionsJVMKt                       : loaded 4 times (x 71B)
Class com.google.common.collect.NullsLastOrdering                                     : loaded 4 times (x 115B)
Class com.intellij.gradle.toolingExtension.impl.model.utilTurnOffDefaultTasksModel.DefaultTurnOffDefaultTasks: loaded 4 times (x 71B)
Class org.gradle.tooling.internal.adapter.ProtocolToModelAdapter$MethodInvocationCache$MethodInvocationKey: loaded 4 times (x 73B)
Class kotlin.io.FilesKt__FileTreeWalkKt                                               : loaded 4 times (x 71B)
Class com.intellij.gradle.toolingExtension.impl.model.sourceSetArtifactIndex.GradleSourceSetArtifactModel: loaded 4 times (x 76B)
Class org.gradle.tooling.model.Dependency                                             : loaded 4 times (x 70B)
Class kotlin.jvm.functions.Function1                                                  : loaded 4 times (x 70B)
Class kotlin.collections.AbstractMutableList                                          : loaded 4 times (x 206B)
Class org.jetbrains.plugins.gradle.tooling.builder.ProjectRepositoriesModelBuilder    : loaded 4 times (x 78B)
Class com.android.builder.model.v2.ide.AaptOptions                                    : loaded 4 times (x 70B)
Class [Lcom.android.builder.model.v2.ide.BytecodeTransformation;                      : loaded 4 times (x 69B)
Class kotlin.collections.SetsKt__SetsJVMKt                                            : loaded 4 times (x 71B)
Class kotlin.Function                                                                 : loaded 4 times (x 70B)
Class org.gradle.tooling.internal.adapter.ProtocolToModelAdapter$AdaptingMethodInvoker: loaded 4 times (x 76B)
Class org.gradle.tooling.internal.gradle.DefaultBuildIdentifier                       : loaded 4 times (x 79B)
Class org.gradle.api.JavaVersion                                                      : loaded 4 times (x 79B)
Class com.android.ide.common.gradle.Version$Companion                                 : loaded 4 times (x 71B)
Class org.jetbrains.plugins.gradle.tooling.internal.ClasspathEntryModelImpl           : loaded 4 times (x 80B)
Class org.jetbrains.kotlin.idea.gradleTooling.PrepareKotlinIdeaImportTaskModelBuilder : loaded 4 times (x 86B)
Class org.jetbrains.kotlin.idea.gradleTooling.KotlinGradleModelImpl                   : loaded 4 times (x 85B)
Class kotlin.sequences.SequencesKt__SequenceBuilderKt                                 : loaded 4 times (x 71B)
Class org.jetbrains.plugins.gradle.tooling.builder.DependencyAccessorsModelBuilder    : loaded 4 times (x 81B)
Class com.intellij.gradle.toolingExtension.impl.util.GradleIdeaPluginUtil             : loaded 4 times (x 71B)
Class com.intellij.gradle.toolingExtension.impl.util.GradleObjectUtil                 : loaded 4 times (x 71B)
Class com.intellij.openapi.externalSystem.model.project.dependencies.ArtifactDependencyNodeImpl: loaded 4 times (x 95B)
Class com.intellij.gradle.toolingExtension.impl.model.dependencyModel.GradleDependencyResolver$1: loaded 4 times (x 77B)
Class org.gradle.tooling.model.gradle.GradleScript                                    : loaded 4 times (x 70B)
Class com.google.common.collect.ComparisonChain$1                                     : loaded 4 times (x 81B)
Class kotlin.io.FileAlreadyExistsException                                            : loaded 4 times (x 82B)
Class kotlin.internal.ProgressionUtilKt                                               : loaded 4 times (x 71B)
Class org.jetbrains.plugins.gradle.model.web.WebConfiguration                         : loaded 4 times (x 70B)
Class kotlin.collections.CollectionsKt__ReversedViewsKt                               : loaded 4 times (x 71B)
Class org.gradle.tooling.model.idea.IdeaDependency                                    : loaded 4 times (x 70B)
Class com.intellij.gradle.toolingExtension.impl.model.projectModel.GradleExternalProjectModelBuilder: loaded 4 times (x 86B)
Class org.jetbrains.kotlin.idea.gradleTooling.KotlinMPPGradleModelBuilder$Companion   : loaded 4 times (x 71B)
Class kotlin.collections.ArraysUtilJVM                                                : loaded 4 times (x 71B)
Class com.android.ide.gradle.model.impl.GradlePluginModelImpl$Companion               : loaded 4 times (x 71B)
Class kotlin.jvm.functions.Function0                                                  : loaded 4 times (x 70B)
Class kotlin.sequences.FlatteningSequence$iterator$1                                  : loaded 4 times (x 79B)
Class org.jetbrains.plugins.gradle.tooling.builder.IntelliJSettingsBuilder            : loaded 4 times (x 78B)
Class com.android.ide.common.repository.AgpVersion$Companion                          : loaded 4 times (x 71B)
Class org.jetbrains.kotlin.idea.gradleTooling.model.allopen.AllOpenModelBuilderService: loaded 4 times (x 85B)
Class kotlin.jvm.KotlinReflectionNotSupportedError                                    : loaded 4 times (x 82B)
Class kotlin.ranges.IntProgression                                                    : loaded 4 times (x 81B)
Class com.google.common.collect.AllEqualOrdering                                      : loaded 4 times (x 114B)
Class com.android.ide.common.gradle.Part                                              : loaded 4 times (x 77B)
Class org.jetbrains.kotlin.idea.gradleTooling.GeneratedSourceRootsKt                  : loaded 4 times (x 71B)
Class com.android.ide.gradle.model.dependencies.DeclaredDependenciesModelBuilderKt    : loaded 4 times (x 71B)
Class org.gradle.tooling.internal.adapter.ProtocolToModelAdapter$ViewGraphDetails$1   : loaded 4 times (x 77B)
Class com.android.builder.model.v2.ide.VectorDrawablesOptions                         : loaded 4 times (x 70B)
Class kotlin.ranges.RangesKt                                                          : loaded 4 times (x 71B)
Class [Lcom.android.builder.model.v2.ide.AaptOptions$Namespacing;                     : loaded 4 times (x 69B)
Class com.android.ide.common.gradle.Version$Companion$ParseState                      : loaded 4 times (x 70B)
Class com.intellij.gradle.toolingExtension.impl.modelBuilder.DefaultModelBuilderContext: loaded 4 times (x 77B)
Class com.intellij.gradle.toolingExtension.impl.model.warmUp.GradleTaskWarmUpService  : loaded 4 times (x 86B)
Class org.jetbrains.kotlin.idea.gradleTooling.AbstractKotlinGradleModelBuilder        : loaded 4 times (x 81B)
Class kotlin.collections.ArraysKt___ArraysJvmKt                                       : loaded 4 times (x 71B)
Class com.intellij.gradle.toolingExtension.impl.model.utilDummyModel.DefaultDummyModel: loaded 4 times (x 73B)
Class kotlin.collections.CollectionsKt__CollectionsKt                                 : loaded 4 times (x 71B)
Class org.jetbrains.plugins.gradle.model.DefaultGradleExtensions                      : loaded 4 times (x 88B)
Class org.jetbrains.kotlin.idea.gradleTooling.reflect.KotlinAndroidSourceSetInfoReflection: loaded 4 times (x 70B)
Class kotlin.collections.MapsKt___MapsJvmKt                                           : loaded 4 times (x 71B)
Class com.intellij.openapi.externalSystem.model.project.dependencies.UnknownDependencyNode: loaded 4 times (x 87B)
Class org.gradle.internal.time.DefaultTimer                                           : loaded 4 times (x 80B)
Class org.gradle.tooling.internal.adapter.WeakIdentityHashMap$AbsentValueProvider     : loaded 4 times (x 70B)
Class com.intellij.gradle.toolingExtension.impl.model.sourceSetModel.GradleSourceSetResolutionContext: loaded 4 times (x 73B)
Class com.intellij.compose.ide.plugin.gradleTooling.rt.ComposeResourcesExtension$Companion: loaded 4 times (x 71B)
Class com.intellij.gradle.toolingExtension.impl.model.dependencyDownloadPolicyModel.DefaultGradleDependencyDownloadPolicy: loaded 4 times (x 77B)
Class org.jetbrains.kotlin.idea.gradleTooling.reflect.KotlinSourceSetReflectionKt     : loaded 4 times (x 71B)
Class com.android.ide.gradle.model.composites.BuildMapModelBuilder                    : loaded 4 times (x 75B)
Class kotlin.collections.EmptyList                                                    : loaded 4 times (x 174B)
Class org.gradle.tooling.internal.gradle.GradleProjectIdentity                        : loaded 4 times (x 70B)
Class org.jetbrains.kotlin.idea.gradleTooling.reflect.GradleReflectionLogger          : loaded 4 times (x 75B)
Class kotlin.collections.MapsKt__MapsJVMKt                                            : loaded 4 times (x 71B)
Class com.android.builder.model.v2.ide.AndroidGradlePluginProjectFlags$BooleanFlag    : loaded 4 times (x 79B)
Class com.android.ide.common.gradle.Separator                                         : loaded 4 times (x 79B)
Class kotlin.NoWhenBranchMatchedException                                             : loaded 4 times (x 82B)
Class org.gradle.tooling.model.BuildIdentifier                                        : loaded 4 times (x 70B)
Class com.android.utils.StringHelper                                                  : loaded 4 times (x 71B)
Class kotlin.jvm.internal.Ref$BooleanRef                                              : loaded 4 times (x 71B)
Class kotlin.text.StringsKt___StringsKt                                               : loaded 4 times (x 71B)
Class com.android.builder.model.v2.models.VariantDependencies                         : loaded 4 times (x 70B)
Class com.intellij.gradle.toolingExtension.impl.model.dependencyDownloadPolicyModel.GradleDependencyDownloadPolicyBuilder: loaded 4 times (x 86B)
Class org.gradle.tooling.internal.adapter.ProtocolToModelAdapter$DefaultViewBuilder   : loaded 4 times (x 80B)
Class kotlin.sequences.SequencesKt___SequencesJvmKt                                   : loaded 4 times (x 71B)
Class kotlin.Unit                                                                     : loaded 4 times (x 71B)
Class kotlin.ranges.ClosedRange                                                       : loaded 4 times (x 70B)
Class com.android.builder.model.v2.ide.JavaArtifact                                   : loaded 4 times (x 70B)
Class kotlin.jvm.internal.markers.KMutableIterable                                    : loaded 4 times (x 70B)
Class kotlin.TuplesKt                                                                 : loaded 4 times (x 71B)
Class [Lcom.android.builder.model.v2.ide.ProjectType;                                 : loaded 4 times (x 69B)
Class org.jetbrains.plugins.gradle.model.DefaultDependencyAccessorsModel              : loaded 4 times (x 76B)
Class org.jetbrains.kotlin.idea.gradleTooling.KotlinGradleModelBuilder                : loaded 4 times (x 86B)
Class com.intellij.gradle.toolingExtension.impl.model.resourceFilterModel.GradleResourceFilterModelBuilder: loaded 4 times (x 71B)
Class [Lcom.android.ide.common.gradle.Separator;                                      : loaded 4 times (x 69B)
Class org.gradle.tooling.internal.adapter.ProtocolToModelAdapter                      : loaded 4 times (x 80B)
Class org.jetbrains.plugins.gradle.tooling.internal.VersionCatalogsModelImpl          : loaded 4 times (x 76B)
Class org.jetbrains.plugins.gradle.tooling.ModelBuilderService$Ex                     : loaded 4 times (x 70B)
Class kotlin.collections.CollectionsKt___CollectionsJvmKt                             : loaded 4 times (x 71B)
Class kotlin.jvm.internal.FunctionReferenceImpl                                       : loaded 4 times (x 126B)
Class com.intellij.openapi.externalSystem.model.project.dependencies.ComponentDependencies: loaded 4 times (x 70B)
Class com.intellij.gradle.toolingExtension.impl.model.dependencyModel.auxiliary.AuxiliaryArtifactResolver: loaded 4 times (x 70B)
Class org.jetbrains.plugins.gradle.tooling.builder.IntelliJProjectSettingsBuilder     : loaded 4 times (x 78B)
Class kotlin.io.NoSuchFileException                                                   : loaded 4 times (x 82B)
Class org.jetbrains.plugins.gradle.tooling.serialization.internal.adapter.InternalBuildIdentifier: loaded 4 times (x 75B)
Class org.jetbrains.plugins.gradle.model.DefaultExternalProjectDependency             : loaded 4 times (x 120B)
Class org.jetbrains.plugins.gradle.tooling.builder.EarModelBuilderImplKt              : loaded 4 times (x 71B)
Class org.jetbrains.kotlin.tooling.core.InternerKt                                    : loaded 4 times (x 71B)
Class org.jetbrains.plugins.gradle.tooling.builder.MavenRepositoriesModelBuilder      : loaded 4 times (x 81B)
Class com.intellij.openapi.externalSystem.model.project.dependencies.ProjectDependencyNodeImpl: loaded 4 times (x 93B)
Class kotlin.text.StringsKt__StringsJVMKt                                             : loaded 4 times (x 71B)
Class kotlin.collections.IntIterator                                                  : loaded 4 times (x 82B)
Class org.jetbrains.plugins.gradle.model.scala.ScalaModel                             : loaded 4 times (x 70B)
Class com.android.ide.gradle.model.artifacts.builder.AdditionalClassifierArtifactsModelBuilder: loaded 4 times (x 79B)
Class com.intellij.gradle.toolingExtension.impl.model.taskModel.DefaultGradleTaskModel: loaded 4 times (x 75B)
Class kotlin.ranges.IntRange$Companion                                                : loaded 4 times (x 71B)
Class org.jetbrains.kotlin.idea.gradleTooling.model.lombok.LombokModelBuilderService  : loaded 4 times (x 87B)
Class kotlin.collections.CollectionsKt___CollectionsKt$asSequence$$inlined$Sequence$1 : loaded 4 times (x 75B)
Class com.android.builder.model.v2.ide.TestedTargetVariant                            : loaded 4 times (x 70B)
Class kotlin.text.MatcherMatchResult$groups$1                                         : loaded 4 times (x 151B)
Class org.jetbrains.plugins.gradle.tooling.serialization.GradleExtensionsSerializationService$2: loaded 4 times (x 76B)
Class com.google.gson.internal.Streams$AppendableWriter$CurrentWrite                  : loaded 4 times (x 88B)
Class org.jetbrains.kotlin.idea.gradleTooling.reflect.ParameterList                   : loaded 4 times (x 169B)
Class org.jetbrains.kotlin.idea.gradleTooling.reflect.ReflectionReceiver$Static       : loaded 4 times (x 77B)
Class com.intellij.openapi.externalSystem.model.project.dependencies.ProjectDependenciesImpl: loaded 4 times (x 77B)
Class org.jetbrains.kotlin.idea.gradleTooling.KotlinDslScriptTaskModelBuilder         : loaded 4 times (x 86B)
Class org.jetbrains.kotlin.idea.gradleTooling.PrepareKotlinIdeaImportTaskModelBuilder$Companion: loaded 4 times (x 71B)
Class org.jetbrains.plugins.gradle.tooling.ModelBuilderService                        : loaded 4 times (x 70B)
Class org.jetbrains.kotlin.idea.gradleTooling.UtilsKt                                 : loaded 4 times (x 71B)
Class com.android.builder.model.v2.ide.SourceSetContainer                             : loaded 4 times (x 70B)
Class org.jetbrains.kotlin.idea.gradleTooling.model.samWithReceiver.SamWithReceiverModel: loaded 4 times (x 70B)
Class kotlin.text.StringsKt__IndentKt                                                 : loaded 4 times (x 71B)
Class com.android.builder.model.v2.dsl.SigningConfig                                  : loaded 4 times (x 70B)
Class kotlin.collections.EmptyMap                                                     : loaded 4 times (x 108B)
Class com.intellij.gradle.toolingExtension.impl.model.buildScriptClasspathModel.GradleBuildScriptClasspathCache: loaded 4 times (x 75B)
Class com.android.builder.model.v2.models.AndroidProject                              : loaded 4 times (x 70B)
Class com.android.builder.model.v2.AndroidModel                                       : loaded 4 times (x 70B)
Class kotlin.reflect.KAnnotatedElement                                                : loaded 4 times (x 70B)
Class kotlin.collections.SetsKt                                                       : loaded 4 times (x 71B)
Class kotlin.jvm.internal.markers.KMutableCollection                                  : loaded 4 times (x 70B)
Class kotlin.coroutines.intrinsics.IntrinsicsKt                                       : loaded 4 times (x 71B)
Class org.jetbrains.kotlin.idea.gradleTooling.reflect.KotlinMultiplatformImportReflection: loaded 4 times (x 70B)
Class com.android.ide.gradle.model.builder.LegacyV1AgpVersionModelBuilder             : loaded 4 times (x 75B)
Class org.gradle.util.internal.DefaultGradleVersion                                   : loaded 4 times (x 82B)
Class kotlin.collections.CollectionsKt                                                : loaded 4 times (x 71B)
Class kotlin.NotImplementedError                                                      : loaded 4 times (x 82B)
Class org.jetbrains.kotlin.idea.gradleTooling.reflect.KotlinSourceSetReflection       : loaded 4 times (x 70B)
Class com.google.common.collect.ExplicitOrdering                                      : loaded 4 times (x 115B)
Class org.jetbrains.kotlin.idea.gradleTooling.reflect.KotlinSourceSetReflectionImpl   : loaded 4 times (x 83B)
Class com.intellij.openapi.externalSystem.model.project.ExternalSystemSourceType      : loaded 4 times (x 85B)
Class kotlin.sequences.FlatteningSequence                                             : loaded 4 times (x 75B)
Class org.jetbrains.kotlin.idea.gradleTooling.model.kapt.KaptModelBuilderService      : loaded 4 times (x 86B)
Class com.intellij.gradle.toolingExtension.impl.model.sourceSetArtifactIndex.GradleSourceSetArtifactIndexBuilder: loaded 4 times (x 86B)
Class kotlin.Result$Companion                                                         : loaded 4 times (x 71B)
Class kotlin.coroutines.jvm.internal.BaseContinuationImpl                             : loaded 4 times (x 87B)
Class com.android.builder.model.v2.ide.LibraryType                                    : loaded 4 times (x 79B)
Class kotlin.reflect.KFunction                                                        : loaded 4 times (x 70B)
Class kotlin.collections.ArrayDeque                                                   : loaded 4 times (x 207B)
Class com.android.builder.model.v2.ide.SourceProvider                                 : loaded 4 times (x 70B)
Class com.android.builder.model.v2.ide.BundleInfo                                     : loaded 4 times (x 70B)
Class kotlin.comparisons.ComparisonsKt___ComparisonsKt                                : loaded 4 times (x 71B)
Class kotlin.comparisons.ComparisonsKt                                                : loaded 4 times (x 71B)
Class kotlin.jvm.internal.CallableReference$NoReceiver                                : loaded 4 times (x 71B)
Class [Lcom.android.builder.model.v2.ide.LibraryType;                                 : loaded 4 times (x 69B)
Class kotlin.text.CharsKt__CharJVMKt                                                  : loaded 4 times (x 71B)
Class kotlin.jvm.functions.Function4                                                  : loaded 4 times (x 70B)
Class com.intellij.gradle.toolingExtension.impl.model.sourceSetModel.DefaultGradleSourceSetModel: loaded 4 times (x 81B)
Class org.gradle.tooling.ToolingModelContract                                         : loaded 4 times (x 70B)
Class kotlin.sequences.Sequence                                                       : loaded 4 times (x 70B)
Class kotlin.sequences.SequenceScope                                                  : loaded 4 times (x 73B)
Class com.android.builder.model.v2.models.BasicAndroidProject                         : loaded 4 times (x 70B)
Class kotlin.sequences.FilteringSequence                                              : loaded 4 times (x 75B)
Class com.intellij.openapi.externalSystem.model.project.dependencies.ArtifactDependencyNode: loaded 4 times (x 70B)
Class kotlin.collections.EmptySet                                                     : loaded 4 times (x 122B)
Class org.jetbrains.kotlin.idea.gradleTooling.KotlinMPPGradleModelBinary              : loaded 4 times (x 70B)
Class kotlin.collections.MapsKt__MapsKt                                               : loaded 4 times (x 71B)
Class com.intellij.gradle.toolingExtension.impl.model.sourceSetArtifactIndex.GradleSourceSetArtifactIndex: loaded 4 times (x 78B)
Class com.android.builder.model.v2.models.VariantDependenciesAdjacencyList            : loaded 4 times (x 70B)
Class kotlin.text.StringsKt__StringBuilderKt                                          : loaded 4 times (x 71B)
Class org.jetbrains.plugins.gradle.tooling.util.BooleanBiFunction                     : loaded 4 times (x 70B)
Class org.jetbrains.kotlin.idea.gradleTooling.OrphanSourceSetImportingChecker         : loaded 4 times (x 74B)
Class kotlin.text.MatchResult                                                         : loaded 4 times (x 70B)
Class org.gradle.internal.exceptions.MultiCauseException                              : loaded 4 times (x 70B)
Class org.jetbrains.kotlin.idea.gradleTooling.reflect.KotlinLanguageSettingsReflection: loaded 4 times (x 70B)
Class kotlin.annotation.Target                                                        : loaded 4 times (x 70B)
Class kotlin.text.Regex$Companion                                                     : loaded 4 times (x 71B)
Class org.jetbrains.plugins.gradle.DefaultExternalDependencyId                        : loaded 4 times (x 80B)
Class com.google.common.collect.NaturalOrdering                                       : loaded 4 times (x 115B)
Class org.gradle.internal.time.CountdownTimer                                         : loaded 4 times (x 70B)
Class kotlin.text.StringsKt__StringNumberConversionsJVMKt                             : loaded 4 times (x 71B)
Class org.jetbrains.kotlin.idea.gradleTooling.model.noarg.NoArgModelBuilderService    : loaded 4 times (x 85B)
Class kotlin.jvm.internal.Intrinsics                                                  : loaded 4 times (x 71B)
Class com.google.gson.TypeAdapter$NullSafeTypeAdapter                                 : loaded 4 times (x 74B)
Class org.jetbrains.kotlin.idea.gradleTooling.reflect.ParameterList$Companion         : loaded 4 times (x 71B)
Class kotlin.collections.CollectionsKt___CollectionsKt                                : loaded 4 times (x 71B)
Class com.android.builder.model.v2.ide.Variant                                        : loaded 4 times (x 70B)
Class org.gradle.internal.exceptions.NonGradleCauseExceptionsHolder                   : loaded 4 times (x 70B)
Class org.jetbrains.kotlin.idea.gradleTooling.model.parcelize.ParcelizeGradleModel    : loaded 4 times (x 70B)
Class com.intellij.gradle.toolingExtension.impl.model.sourceSetModel.GradleSourceSetModelBuilder$1: loaded 4 times (x 83B)
Class org.gradle.tooling.model.Model                                                  : loaded 4 times (x 70B)
Class kotlin.coroutines.Continuation                                                  : loaded 4 times (x 70B)
Class kotlin.sequences.SequencesKt__SequencesKt                                       : loaded 4 times (x 71B)
Class org.gradle.internal.time.Timer                                                  : loaded 4 times (x 70B)
Class kotlin.collections.SetsKt___SetsKt                                              : loaded 4 times (x 71B)
Class kotlin.jvm.internal.markers.KMappedMarker                                       : loaded 4 times (x 70B)
Class com.intellij.gradle.toolingExtension.impl.model.utilTurnOffDefaultTasksModel.TurnOffDefaultTasksModelBuilder: loaded 4 times (x 86B)
Class com.android.builder.model.v2.ide.SyncIssue                                      : loaded 4 times (x 70B)
Class kotlin.ranges.RangesKt__RangesKt                                                : loaded 4 times (x 71B)
Class com.android.ide.common.repository.AgpVersion$PreviewKind$WhenMappings           : loaded 4 times (x 71B)
Class org.gradle.tooling.internal.adapter.CollectionMapper                            : loaded 4 times (x 73B)
Class kotlin.text.MatchResult$Destructured                                            : loaded 4 times (x 72B)
Class com.android.builder.model.v2.ide.BasicVariant                                   : loaded 4 times (x 70B)
Class kotlin.Metadata                                                                 : loaded 4 times (x 70B)
Class kotlin.UninitializedPropertyAccessException                                     : loaded 4 times (x 82B)
Class com.android.builder.model.v2.ide.AndroidGradlePluginProjectFlags                : loaded 4 times (x 70B)
Class [Lcom.android.builder.model.v2.ide.AndroidGradlePluginProjectFlags$BooleanFlag; : loaded 4 times (x 69B)
Class kotlin.collections.ArraysKt__ArraysJVMKt                                        : loaded 4 times (x 71B)
Class com.android.builder.model.v2.models.ProjectGraph                                : loaded 4 times (x 70B)
Class com.android.ide.gradle.model.impl.GradlePropertiesModelImpl                     : loaded 4 times (x 80B)
Class org.jetbrains.kotlin.idea.gradleTooling.model.annotation.AnnotationBasedPluginModel: loaded 4 times (x 70B)
Class com.intellij.gradle.toolingExtension.impl.model.dependencyDownloadPolicyModel.GradleDependencyDownloadPolicyCache: loaded 4 times (x 75B)
Class org.jetbrains.kotlin.idea.gradleTooling.KotlinMPPGradleModelBuilder             : loaded 4 times (x 86B)
Class org.jetbrains.plugins.gradle.tooling.serialization.internal.adapter.InternalProjectIdentifier: loaded 4 times (x 76B)
Class org.jetbrains.plugins.gradle.tooling.MessageReporter                            : loaded 4 times (x 70B)
Class com.intellij.compose.ide.plugin.gradleTooling.rt.ComposeResourcesModelBuilder   : loaded 4 times (x 78B)
Class org.jetbrains.kotlin.idea.gradleTooling.model.assignment.AssignmentModelBuilderService: loaded 4 times (x 85B)
Class com.android.builder.model.v2.ide.Library                                        : loaded 4 times (x 70B)
Class com.android.builder.model.v2.ide.ArtifactDependenciesAdjacencyList              : loaded 4 times (x 70B)
Class kotlin.comparisons.ComparisonsKt__ComparisonsKt                                 : loaded 4 times (x 71B)
Class org.gradle.tooling.model.build.GradleEnvironment                                : loaded 4 times (x 70B)
Class org.gradle.tooling.internal.adapter.ProtocolToModelAdapter$InvocationHandlerImpl: loaded 4 times (x 77B)
Class com.android.builder.model.v2.models.Versions                                    : loaded 4 times (x 70B)
Class org.jetbrains.kotlin.idea.gradleTooling.reflect.KotlinSwiftExportReflection     : loaded 4 times (x 70B)
Class com.intellij.util.ExceptionUtilRt                                               : loaded 4 times (x 71B)
Class org.gradle.tooling.internal.adapter.ProtocolToModelAdapter$MethodInvocationCache: loaded 4 times (x 73B)
Class org.gradle.tooling.model.kotlin.dsl.KotlinDslScriptModel                        : loaded 4 times (x 70B)
Class org.gradle.tooling.model.idea.IdeaModuleDependency                              : loaded 4 times (x 70B)
Class com.android.ide.common.repository.AgpVersion$PreviewKind                        : loaded 4 times (x 79B)
Class kotlin.text.CharsKt                                                             : loaded 4 times (x 71B)
Class com.intellij.gradle.toolingExtension.impl.modelBuilder.DefaultMessageReportBuilder: loaded 4 times (x 94B)
Class org.gradle.tooling.model.internal.ImmutableDomainObjectSet                      : loaded 4 times (x 155B)
Class com.android.ide.common.gradle.Version$Companion$ParseState$NUMERIC              : loaded 4 times (x 74B)
Class com.android.ide.gradle.model.builder.LegacyAndroidGradlePluginPropertiesModelBuilder: loaded 4 times (x 80B)
Class org.gradle.tooling.internal.adapter.ViewBuilder                                 : loaded 4 times (x 70B)
Class com.google.gson.internal.bind.EnumTypeAdapter$1                                 : loaded 4 times (x 75B)
Class org.jetbrains.plugins.gradle.tooling.builder.ProjectExtensionsDataBuilderImpl   : loaded 4 times (x 78B)
Class com.intellij.gradle.toolingExtension.impl.model.dependencyModel.GradleDependencyTraverser$Itr: loaded 4 times (x 83B)
Class com.intellij.util.ExceptionUtilRt$1                                             : loaded 4 times (x 129B)
Class org.jetbrains.plugins.gradle.tooling.builder.VersionCatalogsModelBuilder        : loaded 4 times (x 86B)
Class com.intellij.openapi.externalSystem.model.project.dependencies.AbstractDependencyNode: loaded 4 times (x 87B)
Class com.intellij.gradle.toolingExtension.impl.model.utilDummyModel.DummyModelBuilder: loaded 4 times (x 86B)
Class kotlin.text.MatcherMatchResult                                                  : loaded 4 times (x 80B)
Class com.intellij.gradle.toolingExtension.impl.model.dependencyModel.GradleDependencyResolver: loaded 4 times (x 72B)
Class org.jetbrains.plugins.gradle.model.DefaultUnresolvedExternalDependency          : loaded 4 times (x 111B)
Class [Lorg.jetbrains.plugins.gradle.tooling.Message$Kind;                            : loaded 4 times (x 69B)
Class org.jetbrains.kotlin.idea.gradleTooling.KotlinTasksPropertyUtilsKt              : loaded 4 times (x 71B)
Class org.jetbrains.plugins.gradle.tooling.builder.AnnotationProcessingModelBuilder   : loaded 4 times (x 86B)
Class org.jetbrains.kotlin.tooling.core.Extras                                        : loaded 4 times (x 70B)
Class org.gradle.util.GradleVersion                                                   : loaded 4 times (x 81B)
Class com.android.builder.model.v2.models.ndk.NativeModule                            : loaded 4 times (x 70B)
Class kotlin.text.MatchGroupCollection                                                : loaded 4 times (x 70B)
Class org.jetbrains.kotlin.idea.gradleTooling.model.assignment.AssignmentModel        : loaded 4 times (x 70B)
Class org.jetbrains.kotlin.idea.gradleTooling.model.parcelize.ParcelizeModelBuilderService: loaded 4 times (x 81B)
Class com.android.ide.gradle.model.composites.BuildMapImpl                            : loaded 4 times (x 75B)
Class kotlin.ranges.IntProgressionIterator                                            : loaded 4 times (x 82B)
Class com.android.builder.model.v2.dsl.BuildType                                      : loaded 4 times (x 70B)
Class kotlin.Triple                                                                   : loaded 4 times (x 72B)
Class com.android.ide.gradle.model.dependencies.DeclaredDependenciesImpl              : loaded 4 times (x 76B)
Class org.jetbrains.plugins.gradle.tooling.serialization.GradleExtensionsSerializationService$3: loaded 4 times (x 76B)
Class org.jetbrains.kotlin.idea.gradleTooling.KotlinTaskPropertiesImpl                : loaded 4 times (x 78B)
Class org.jetbrains.plugins.gradle.tooling.MessageBuilder                             : loaded 4 times (x 70B)
Class kotlin.reflect.KCallable                                                        : loaded 4 times (x 70B)
Class kotlin.coroutines.CoroutineContext                                              : loaded 4 times (x 70B)
Class kotlin.coroutines.jvm.internal.DebugProbesKt                                    : loaded 4 times (x 71B)
Class kotlin.sequences.SequencesKt__SequenceBuilderKt$sequence$$inlined$Sequence$1    : loaded 4 times (x 75B)
Class kotlin.text.Regex                                                               : loaded 4 times (x 72B)
Class com.android.builder.model.v2.ide.CodeShrinker                                   : loaded 4 times (x 79B)
Class com.google.common.collect.ComparatorOrdering                                    : loaded 4 times (x 115B)
Class kotlin.text.StringsKt__StringBuilderJVMKt                                       : loaded 4 times (x 71B)
Class kotlin.io.FilesKt__FilePathComponentsKt                                         : loaded 4 times (x 71B)
Class com.android.ide.common.repository.AgpVersion$PreviewKind$Companion              : loaded 4 times (x 71B)
Class com.intellij.openapi.externalSystem.model.project.dependencies.ProjectDependencyNode: loaded 4 times (x 70B)
Class kotlin.ranges.IntProgression$Companion                                          : loaded 4 times (x 71B)
Class org.gradle.tooling.internal.adapter.ObjectGraphAdapter                          : loaded 4 times (x 70B)
Class org.jetbrains.kotlin.idea.gradleTooling.reflect.TypeToken$Companion             : loaded 4 times (x 71B)
Class org.jetbrains.kotlin.idea.gradleTooling.KotlinGradlePluginVersionKt             : loaded 4 times (x 71B)
Class org.jetbrains.plugins.gradle.model.tests.DefaultExternalTestsModel              : loaded 4 times (x 77B)
Class org.gradle.internal.time.Time                                                   : loaded 4 times (x 71B)
Class kotlin.coroutines.EmptyCoroutineContext                                         : loaded 4 times (x 77B)
Class kotlin.io.TerminateException                                                    : loaded 4 times (x 82B)
Class org.jetbrains.kotlin.idea.gradleTooling.model.kapt.KaptGradleModelImpl          : loaded 4 times (x 77B)
Class com.google.common.collect.Iterators$PeekingImpl                                 : loaded 4 times (x 85B)
Class org.jetbrains.kotlin.idea.gradleTooling.reflect.KotlinMultiplatformImportReflectionImpl$Companion: loaded 4 times (x 71B)
Class com.android.ide.gradle.model.builder.GradlePropertiesModelBuilder               : loaded 4 times (x 75B)
Class kotlin.collections.MapsKt                                                       : loaded 4 times (x 71B)
Class kotlin.coroutines.intrinsics.CoroutineSingletons                                : loaded 4 times (x 79B)
Class org.jetbrains.plugins.gradle.tooling.util.BiFunction                            : loaded 4 times (x 70B)
Class kotlin.collections.CollectionsKt__IterablesKt                                   : loaded 4 times (x 71B)
Class com.android.builder.model.v2.ide.Installation                                   : loaded 4 times (x 70B)
Class kotlin.collections.AbstractCollection                                           : loaded 4 times (x 117B)
Class com.google.common.collect.ImmutableSortedAsList                                 : loaded 4 times (x 221B)
Class kotlin.text.RegexKt                                                             : loaded 4 times (x 71B)
Class kotlin.coroutines.intrinsics.IntrinsicsKt__IntrinsicsKt                         : loaded 4 times (x 71B)
Class kotlin.collections.SetsKt__SetsKt                                               : loaded 4 times (x 71B)
Class kotlin.collections.AbstractList                                                 : loaded 4 times (x 197B)
Class org.gradle.tooling.model.Element                                                : loaded 4 times (x 70B)
Class com.google.common.collect.ByFunctionOrdering                                    : loaded 4 times (x 115B)
Class org.jetbrains.plugins.gradle.model.AbstractExternalDependency                   : loaded 4 times (x 106B)
Class com.android.ide.common.gradle.Numeric                                           : loaded 4 times (x 77B)
Class org.jetbrains.kotlin.idea.gradleTooling.model.allopen.AllOpenModel              : loaded 4 times (x 70B)
Class org.jetbrains.plugins.gradle.tooling.Message$FilePosition                       : loaded 4 times (x 75B)
Class com.intellij.gradle.toolingExtension.impl.util.javaPluginUtil.JavaPluginAccessor: loaded 4 times (x 70B)
Class com.android.builder.model.v2.ide.ViewBindingOptions                             : loaded 4 times (x 70B)
Class org.jetbrains.kotlin.idea.gradleTooling.PrepareKotlinIdeaImportTaskModelBuilder$Messages: loaded 4 times (x 71B)
Class org.jetbrains.kotlin.idea.gradleTooling.reflect.KotlinExtensionReflection       : loaded 4 times (x 72B)
Class com.android.builder.model.v2.models.ModelBuilderParameter                       : loaded 4 times (x 70B)
Class org.gradle.tooling.internal.adapter.ProtocolToModelAdapter$NoOpDecoration       : loaded 4 times (x 79B)
Class org.gradle.tooling.internal.adapter.TypeInspector                               : loaded 4 times (x 73B)
Class kotlin.io.FilesKt__UtilsKt                                                      : loaded 4 times (x 71B)
Class com.google.common.collect.Lists$TransformingRandomAccessList                    : loaded 4 times (x 199B)
Class kotlin.coroutines.jvm.internal.RestrictedSuspendLambda                          : loaded 4 times (x 91B)
Class kotlin.collections.CollectionsKt__CollectionsJVMKt                              : loaded 4 times (x 71B)
Class kotlin.sequences.SequencesKt__SequencesJVMKt                                    : loaded 4 times (x 71B)
Class com.google.common.collect.CompoundOrdering                                      : loaded 4 times (x 115B)
Class com.android.builder.model.v2.dsl.ProductFlavor                                  : loaded 4 times (x 70B)
Class kotlin.io.FilePathComponents                                                    : loaded 4 times (x 72B)
Class [Lcom.android.builder.model.v2.ide.TestInfo$Execution;                          : loaded 4 times (x 69B)
Class org.jetbrains.kotlin.idea.gradleTooling.reflect.KotlinExtensionReflection$Companion: loaded 4 times (x 71B)
Class com.android.ide.gradle.model.dependencies.CoordinatesImpl                       : loaded 4 times (x 77B)
Class com.android.ide.gradle.model.dependencies.DeclaredDependenciesModelBuilder$Companion: loaded 4 times (x 71B)
Class kotlin.text.StringsKt__StringsKt                                                : loaded 4 times (x 71B)
Class com.android.ide.gradle.model.impl.GradlePluginModelImpl                         : loaded 4 times (x 78B)
Class com.intellij.gradle.toolingExtension.impl.model.dependencyGraphModel.GradleDependencyReportGenerator: loaded 4 times (x 73B)
Class org.jetbrains.plugins.gradle.model.DefaultExternalLibraryDependency             : loaded 4 times (x 111B)
Class com.android.builder.model.v2.ide.AndroidArtifact                                : loaded 4 times (x 70B)
Class org.gradle.tooling.internal.adapter.WeakIdentityHashMap                         : loaded 4 times (x 76B)
Class org.gradle.tooling.GradleConnectionException                                    : loaded 4 times (x 83B)
Class org.gradle.tooling.internal.adapter.ProtocolToModelAdapter$1                    : loaded 4 times (x 75B)
Class org.gradle.tooling.internal.adapter.ProtocolToModelAdapter$ViewDecoration       : loaded 4 times (x 70B)
Class org.gradle.tooling.internal.adapter.TargetTypeProvider                          : loaded 4 times (x 70B)
Class org.jetbrains.plugins.gradle.tooling.serialization.RepositoriesModelSerializationService$1: loaded 4 times (x 76B)
Class com.android.builder.model.v2.ide.LintOptions                                    : loaded 4 times (x 70B)
Class com.android.ide.common.gradle.Version                                           : loaded 4 times (x 75B)
Class com.android.builder.model.v2.ide.AndroidLibraryData                             : loaded 4 times (x 70B)
Class org.jetbrains.kotlin.idea.gradleTooling.KotlinGradlePluginVersionImpl           : loaded 4 times (x 78B)
Class kotlin.sequences.SequencesKt                                                    : loaded 4 times (x 71B)
Class kotlin.collections.CollectionsKt__IteratorsKt                                   : loaded 4 times (x 71B)
Class com.android.builder.model.v2.dsl.DependenciesInfo                               : loaded 4 times (x 70B)
Class org.gradle.tooling.model.ProjectModel                                           : loaded 4 times (x 70B)
Class org.jetbrains.plugins.gradle.tooling.util.GradleContainerUtil                   : loaded 4 times (x 71B)
Class org.jetbrains.kotlin.idea.gradleTooling.reflect.KotlinCompilerArgumentsResolverReflectionKt: loaded 4 times (x 71B)
Class kotlin.text.StringsKt___StringsJvmKt                                            : loaded 4 times (x 71B)
Class com.android.ide.gradle.model.builder.AndroidStudioToolingPlugin                 : loaded 4 times (x 75B)
Class kotlin.collections.CollectionsKt__MutableCollectionsKt                          : loaded 4 times (x 71B)
Class com.android.builder.model.v2.ide.BytecodeTransformation                         : loaded 4 times (x 79B)
Class kotlin.jvm.internal.FunctionReference                                           : loaded 4 times (x 126B)
Class com.intellij.gradle.toolingExtension.impl.util.javaPluginUtil.JavaPluginUtil    : loaded 4 times (x 71B)
Class com.intellij.gradle.toolingExtension.impl.model.repositoryModel.DefaultProjectRepositoriesModel: loaded 4 times (x 76B)
Class com.android.builder.model.v2.ide.ApiVersion                                     : loaded 4 times (x 70B)
Class org.gradle.internal.time.Clock                                                  : loaded 4 times (x 70B)
Class org.jetbrains.kotlin.idea.gradleTooling.model.annotation.AnnotationBasedPluginModelBuilderService: loaded 4 times (x 85B)
Class com.intellij.gradle.toolingExtension.impl.model.taskModel.GradleTaskModelBuilder: loaded 4 times (x 86B)
Class org.gradle.tooling.internal.gradle.DefaultProjectIdentifier                     : loaded 4 times (x 86B)
Class kotlin.collections.EmptyIterator                                                : loaded 4 times (x 89B)
Class kotlin.text.StringsKt__RegexExtensionsKt                                        : loaded 4 times (x 71B)
Class [Lkotlin.coroutines.intrinsics.CoroutineSingletons;                             : loaded 4 times (x 69B)
Class com.intellij.gradle.toolingExtension.impl.model.buildScriptClasspathModel.GradleBuildScriptClasspathModelBuilder: loaded 4 times (x 86B)
Class [Lcom.android.builder.model.v2.ide.CodeShrinker;                                : loaded 4 times (x 69B)
Class kotlin.text.StringsKt                                                           : loaded 4 times (x 71B)
Class kotlin.jvm.internal.FunctionBase                                                : loaded 4 times (x 70B)
Class kotlin.reflect.KDeclarationContainer                                            : loaded 4 times (x 70B)
Class org.jetbrains.plugins.gradle.model.ear.EarConfiguration                         : loaded 4 times (x 70B)
Class org.jetbrains.kotlin.idea.gradleTooling.PrepareKotlinIdeaImportTaskModelBuilder$KotlinNativePlatformDependenciesKt: loaded 4 times (x 71B)
Class com.intellij.compose.ide.plugin.gradleTooling.rt.ComposeResourcesExtension      : loaded 4 times (x 72B)
Class org.jetbrains.kotlin.idea.gradleTooling.reflect.Parameter                       : loaded 4 times (x 72B)
Class com.android.builder.model.v2.models.AndroidDsl                                  : loaded 4 times (x 70B)
Class kotlin.annotation.Retention                                                     : loaded 4 times (x 70B)
Class [Lorg.jetbrains.kotlin.idea.gradleTooling.reflect.Parameter;                    : loaded 4 times (x 69B)
Class org.gradle.tooling.internal.adapter.ProtocolToModelAdapter$ViewGraphDetails     : loaded 4 times (x 72B)
Class org.gradle.tooling.model.idea.IdeaProject                                       : loaded 4 times (x 70B)
Class kotlin.text.StringsKt__AppendableKt                                             : loaded 4 times (x 71B)
Class com.android.builder.model.v2.ide.AaptOptions$Namespacing                        : loaded 4 times (x 79B)
Class com.intellij.gradle.toolingExtension.impl.modelBuilder.ExtraModelBuilder        : loaded 4 times (x 85B)
Class org.jetbrains.plugins.gradle.tooling.builder.WarModelBuilderImpl                : loaded 4 times (x 86B)
Class com.android.utils.FileUtils                                                     : loaded 4 times (x 71B)
Class com.intellij.openapi.externalSystem.model.project.dependencies.DependencyNode   : loaded 4 times (x 70B)
Class org.gradle.tooling.model.DomainObjectSet                                        : loaded 4 times (x 70B)
Class com.intellij.gradle.toolingExtension.impl.model.sourceSetModel.GradleSourceSetModelBuilder$2: loaded 4 times (x 83B)
Class org.gradle.util.internal.DefaultGradleVersion$Stage                             : loaded 4 times (x 75B)
Class org.jetbrains.plugins.gradle.tooling.MessageReportBuilder                       : loaded 4 times (x 70B)
Class kotlin.coroutines.jvm.internal.RestrictedContinuationImpl                       : loaded 4 times (x 87B)
Class com.android.ide.common.gradle.Version$Companion$ParseState$EMPTY                : loaded 4 times (x 74B)
Class com.android.ide.gradle.model.dependencies.DeclaredDependenciesModelBuilder      : loaded 4 times (x 75B)
Class kotlin.sequences.TransformingSequence                                           : loaded 4 times (x 75B)
Class org.gradle.tooling.internal.adapter.MethodInvocation                            : loaded 4 times (x 85B)
Class org.gradle.internal.operations.MultipleBuildOperationFailures                   : loaded 4 times (x 95B)
Class com.intellij.gradle.toolingExtension.impl.model.dependencyModel.auxiliary.AuxiliaryConfigurationArtifacts: loaded 4 times (x 74B)
Class org.jetbrains.plugins.gradle.model.DefaultGradleProperty                        : loaded 4 times (x 78B)
Class org.jetbrains.kotlin.idea.gradleTooling.GetAdditionalVisibleSourceSetsKt        : loaded 4 times (x 71B)
Class org.gradle.tooling.internal.adapter.ProtocolToModelAdapter$ReflectionMethodInvoker: loaded 4 times (x 76B)
Class org.gradle.tooling.model.UnsupportedMethodException                             : loaded 4 times (x 82B)
Class kotlin.sequences.SequencesKt___SequencesKt$flatMap$2                            : loaded 4 times (x 129B)
Class [Lcom.android.ide.common.repository.AgpVersion$PreviewKind;                     : loaded 4 times (x 69B)
Class com.google.common.collect.Ordering                                              : loaded 4 times (x 114B)
Class org.jetbrains.kotlin.tooling.core.InternerImpl                                  : loaded 4 times (x 76B)
Class org.gradle.tooling.internal.adapter.ProtocolToModelAdapter$SupportedPropertyInvoker: loaded 4 times (x 76B)
Class [Lkotlin.Pair;                                                                  : loaded 4 times (x 69B)
Class kotlin.text.StringsKt__StringNumberConversionsKt                                : loaded 4 times (x 71B)
Class kotlin.io.FilesKt__FileReadWriteKt                                              : loaded 4 times (x 71B)
Class kotlin.ranges.OpenEndRange                                                      : loaded 4 times (x 70B)
Class kotlin.sequences.SequenceBuilderIterator                                        : loaded 4 times (x 85B)
Class com.google.common.collect.UsingToStringOrdering                                 : loaded 4 times (x 114B)
Class kotlin.text.MatchNamedGroupCollection                                           : loaded 4 times (x 70B)
Class kotlin.jvm.internal.DefaultConstructorMarker                                    : loaded 4 times (x 71B)
Class kotlin.jvm.internal.markers.KMutableList                                        : loaded 4 times (x 70B)
Class org.gradle.internal.time.TimeSource$1                                           : loaded 4 times (x 77B)
Class org.gradle.internal.time.MonotonicClock                                         : loaded 4 times (x 77B)
Class kotlin.Pair                                                                     : loaded 4 times (x 72B)
Class org.jetbrains.plugins.gradle.model.DefaultGradleConfiguration                   : loaded 4 times (x 79B)
Class com.android.ide.gradle.model.builder.LegacyAndroidGradlePluginPropertiesModelBuilder$Companion: loaded 4 times (x 71B)
Class org.gradle.tooling.model.HierarchicalElement                                    : loaded 4 times (x 70B)
Class kotlin.collections.ArraysKt                                                     : loaded 4 times (x 71B)
Class [Lorg.jetbrains.kotlin.tooling.core.KotlinToolingVersion$Maturity;              : loaded 4 times (x 69B)
Class kotlin.sequences.TransformingSequence$iterator$1                                : loaded 4 times (x 79B)
Class kotlin.collections.MapsKt__MapWithDefaultKt                                     : loaded 4 times (x 71B)
Class kotlin.enums.EnumEntriesList                                                    : loaded 4 times (x 223B)
Class kotlin.coroutines.jvm.internal.SuspendFunction                                  : loaded 4 times (x 70B)
Class com.android.builder.model.v2.dsl.BaseConfig                                     : loaded 4 times (x 70B)
Class org.jetbrains.plugins.gradle.tooling.AbstractModelBuilderService                : loaded 4 times (x 86B)
Class org.jetbrains.kotlin.tooling.core.Interner                                      : loaded 4 times (x 70B)
Class org.jetbrains.kotlin.tooling.core.InternerImpl$Store$Strong                     : loaded 4 times (x 76B)
Class com.android.ide.gradle.model.builder.GradlePluginModelBuilder                   : loaded 4 times (x 75B)
Class org.jetbrains.plugins.gradle.tooling.builder.ProjectExtensionsDataBuilderImpl$Companion: loaded 4 times (x 71B)
Class org.jetbrains.kotlin.idea.gradleTooling.reflect.KotlinCompilerArgumentsResolverReflection: loaded 4 times (x 70B)
Class kotlin.sequences.SequencesKt___SequencesKt$sortedWith$1                         : loaded 4 times (x 75B)
Class org.jetbrains.plugins.gradle.tooling.serialization.ExternalTestsSerializationService$1: loaded 4 times (x 76B)
Class org.jetbrains.kotlin.idea.gradleTooling.KotlinGradlePluginVersion$Companion     : loaded 4 times (x 71B)
Class org.jetbrains.kotlin.idea.gradleTooling.reflect.KotlinCompilerArgumentsResolverReflectionImpl: loaded 4 times (x 75B)
Class com.google.common.collect.ComparisonChain$InactiveComparisonChain               : loaded 4 times (x 80B)
Class org.jetbrains.plugins.gradle.model.DefaultGradleExtension                       : loaded 4 times (x 80B)
Class org.gradle.tooling.internal.adapter.MethodInvoker                               : loaded 4 times (x 70B)
Class kotlin.collections.ArrayDeque$Companion                                         : loaded 4 times (x 71B)
Class kotlin.text.CharsKt__CharKt                                                     : loaded 4 times (x 71B)
Class com.android.ide.gradle.model.builder.LegacyAndroidGradlePluginPropertiesModelBuilder$PluginType: loaded 4 times (x 79B)
Class org.jetbrains.plugins.gradle.model.ModelFactory                                 : loaded 4 times (x 71B)
Class com.android.builder.model.v2.ide.BasicArtifact                                  : loaded 4 times (x 70B)
Class org.jetbrains.plugins.gradle.tooling.serialization.ToolingStreamApiUtilsKt      : loaded 4 times (x 71B)
Class com.intellij.gradle.toolingExtension.impl.model.dependencyModel.auxiliary.AuxiliaryArtifactResolverImpl: loaded 4 times (x 76B)
Class kotlin.Result                                                                   : loaded 4 times (x 72B)
Class com.intellij.util.ExceptionUtilRt$RethrownStack                                 : loaded 4 times (x 82B)
Class org.jetbrains.plugins.gradle.model.DefaultFileCollectionDependency              : loaded 4 times (x 110B)
Class kotlin.collections.AbstractList$Companion                                       : loaded 4 times (x 71B)
Class kotlin.KotlinNullPointerException                                               : loaded 4 times (x 83B)
Class org.jetbrains.plugins.gradle.tooling.ModelBuilderContext$DataProvider           : loaded 4 times (x 70B)
Class org.jetbrains.kotlin.tooling.core.HasExtras                                     : loaded 4 times (x 70B)
Class com.google.common.collect.ComparisonChain                                       : loaded 4 times (x 80B)
Class com.android.builder.model.v2.ide.LibraryInfo                                    : loaded 4 times (x 70B)
Class com.android.builder.model.v2.ide.ProjectType                                    : loaded 4 times (x 79B)
Class kotlin.io.FileSystemException                                                   : loaded 4 times (x 82B)
Class com.android.builder.model.v2.ide.ComponentInfo                                  : loaded 4 times (x 70B)
Class com.intellij.gradle.toolingExtension.impl.model.sourceSetDependencyModel.GradleSourceSetDependencyModelBuilder: loaded 4 times (x 86B)
Class org.jetbrains.plugins.gradle.model.DefaultExternalProject                       : loaded 4 times (x 95B)
Class com.intellij.gradle.toolingExtension.impl.model.sourceSetDependencyModel.GradleSourceSetDependencyResolver: loaded 4 times (x 72B)
Class com.android.builder.model.v2.ide.ProjectInfo                                    : loaded 4 times (x 70B)
Class com.intellij.gradle.toolingExtension.impl.model.buildScriptClasspathModel.DefaultGradleBuildScriptClasspathModel: loaded 4 times (x 83B)
Class org.jetbrains.kotlin.idea.gradleTooling.reflect.KotlinSourceSetReflectionImpl$Companion: loaded 4 times (x 71B)
Class kotlin.sequences.SequencesKt___SequencesKt                                      : loaded 4 times (x 71B)
Class kotlin.text.MatcherMatchResult$groupValues$1                                    : loaded 4 times (x 198B)
Class org.jetbrains.kotlin.tooling.core.KotlinToolingVersionKt                        : loaded 4 times (x 71B)
Class org.jetbrains.plugins.gradle.tooling.Message                                    : loaded 4 times (x 72B)
Class com.google.gson.internal.bind.JsonElementTypeAdapter                            : loaded 4 times (x 75B)
Class org.jetbrains.kotlin.tooling.core.InternerImpl$Store                            : loaded 4 times (x 70B)
Class com.google.common.collect.ReverseNaturalOrdering                                : loaded 4 times (x 114B)
Class [Lcom.android.ide.gradle.model.builder.LegacyAndroidGradlePluginPropertiesModelBuilder$PluginType;: loaded 4 times (x 69B)
Class org.jetbrains.plugins.gradle.tooling.builder.ExternalTestsModelBuilderImpl      : loaded 4 times (x 78B)
Class com.android.builder.model.v2.ide.TestInfo$Execution                             : loaded 4 times (x 79B)
Class org.jetbrains.plugins.gradle.tooling.Message$Kind                               : loaded 4 times (x 79B)
Class kotlin.jvm.internal.Intrinsics$Kotlin                                           : loaded 4 times (x 71B)
Class kotlin.io.FilesKt                                                               : loaded 4 times (x 71B)
Class kotlin.collections.AbstractList$SubList                                         : loaded 4 times (x 198B)
Class kotlin.jvm.internal.CallableReference                                           : loaded 4 times (x 110B)
Class com.android.builder.model.v2.models.Versions$Version                            : loaded 4 times (x 70B)
Class org.jetbrains.plugins.gradle.tooling.DefaultMessageBuilder                      : loaded 4 times (x 84B)
Class kotlin.collections.MapsKt___MapsKt                                              : loaded 4 times (x 71B)
Class com.intellij.gradle.toolingExtension.impl.util.javaPluginUtil.ExtensionJavaPluginAccessor: loaded 4 times (x 82B)
Class kotlin.collections.ArraysKt___ArraysKt                                          : loaded 4 times (x 71B)
Class [Lcom.intellij.openapi.externalSystem.model.project.IExternalSystemSourceType;  : loaded 4 times (x 69B)
Class com.google.gson.internal.bind.EnumTypeAdapter                                   : loaded 4 times (x 76B)
Class org.jetbrains.kotlin.idea.gradleTooling.ModelBuilderUtilsKt                     : loaded 4 times (x 71B)
Class com.intellij.gradle.toolingExtension.impl.model.buildScriptClasspathModel.GradleBuildScriptClasspathSerializationService$1: loaded 4 times (x 76B)
Class com.intellij.gradle.toolingExtension.impl.model.sourceSetModel.GradleSourceSetModelBuilder$3: loaded 4 times (x 83B)
Class org.jetbrains.kotlin.idea.gradleTooling.model.samWithReceiver.SamWithReceiverModelBuilderService: loaded 4 times (x 85B)
Class com.google.common.collect.ForwardingCollection                                  : loaded 4 times (x 130B)
Class com.google.common.collect.LexicographicalOrdering                               : loaded 4 times (x 115B)
Class com.intellij.gradle.toolingExtension.impl.modelBuilder.DefaultMessageReporter   : loaded 4 times (x 75B)
Class [Lorg.gradle.api.JavaVersion;                                                   : loaded 4 times (x 69B)
Class kotlin.ranges.IntRange                                                          : loaded 4 times (x 93B)
Class org.gradle.tooling.model.idea.IdeaDependencyScope                               : loaded 4 times (x 70B)
Class org.gradle.internal.time.TimeSource                                             : loaded 4 times (x 70B)
Class org.gradle.tooling.model.kotlin.dsl.KotlinDslScriptsModel                       : loaded 4 times (x 70B)
Class com.intellij.gradle.toolingExtension.impl.model.sourceSetModel.GradleSourceSetModelBuilder: loaded 4 times (x 86B)
Class org.gradle.internal.exceptions.DefaultMultiCauseException                       : loaded 4 times (x 95B)
Class org.gradle.tooling.internal.adapter.WeakIdentityHashMap$WeakKey                 : loaded 4 times (x 79B)
Class org.gradle.tooling.internal.adapter.ProtocolToModelAdapter$SafeMethodInvoker    : loaded 4 times (x 76B)
Class org.gradle.tooling.model.idea.IdeaLanguageLevel                                 : loaded 4 times (x 70B)
Class org.jetbrains.kotlin.tooling.core.KotlinToolingVersion$Maturity                 : loaded 4 times (x 79B)
Class org.gradle.tooling.model.ProjectIdentifier                                      : loaded 4 times (x 70B)
Class org.gradle.tooling.model.idea.IdeaCompilerOutput                                : loaded 4 times (x 70B)
Class kotlin.text.MatchResult$DefaultImpls                                            : loaded 4 times (x 71B)
Class org.jetbrains.plugins.gradle.tooling.ModelBuilderService$ParameterizedModelBuilderService: loaded 4 times (x 70B)
Class org.jetbrains.plugins.gradle.tooling.builder.EarModelBuilderImpl                : loaded 4 times (x 86B)
Class kotlin.comparisons.ComparisonsKt___ComparisonsJvmKt                             : loaded 4 times (x 71B)
Class org.jetbrains.kotlin.idea.gradleTooling.model.noarg.NoArgModel                  : loaded 4 times (x 70B)
Class org.jetbrains.kotlin.idea.gradleTooling.reflect.ReflectionKt                    : loaded 4 times (x 71B)
Class org.jetbrains.kotlin.idea.gradleTooling.AndroidAwareGradleModelProvider$Result  : loaded 4 times (x 72B)
Class com.google.gson.internal.GsonTypes                                              : loaded 4 times (x 71B)
Class com.android.builder.model.v2.ide.TestInfo                                       : loaded 4 times (x 70B)
Class org.jetbrains.plugins.gradle.tooling.builder.ScalaModelBuilderImpl              : loaded 4 times (x 81B)
Class [Lcom.intellij.openapi.externalSystem.model.project.ExternalSystemSourceType;   : loaded 4 times (x 69B)
Class org.gradle.tooling.internal.gradle.GradleBuildIdentity                          : loaded 4 times (x 70B)
Class kotlin.enums.EnumEntries                                                        : loaded 4 times (x 70B)
Class kotlin.ranges.RangesKt___RangesKt                                               : loaded 4 times (x 71B)
Class com.android.ide.common.repository.AgpVersion$Companion$WhenMappings             : loaded 4 times (x 71B)
Class org.jetbrains.plugins.gradle.tooling.ModelBuilderContext                        : loaded 4 times (x 70B)
Class kotlin.collections.CollectionsKt__IteratorsJVMKt                                : loaded 4 times (x 71B)
Class org.jetbrains.kotlin.idea.gradleTooling.reflect.TypeToken                       : loaded 4 times (x 72B)
Class com.google.gson.internal.bind.TypeAdapters$32$1                                 : loaded 4 times (x 74B)
Class com.android.ide.gradle.model.builder.AndroidStudioToolingPluginKt               : loaded 4 times (x 71B)
Class org.jetbrains.plugins.gradle.tooling.util.StringUtils                           : loaded 4 times (x 71B)
Class org.gradle.internal.exceptions.ResolutionProvider                               : loaded 4 times (x 70B)
Class org.jetbrains.kotlin.idea.gradleTooling.KotlinMPPGradleModelBinaryBuilder       : loaded 4 times (x 86B)
Class org.jetbrains.kotlin.idea.gradleTooling.KotlinDslScriptTaskModelBuilder$Companion: loaded 4 times (x 71B)
Class com.intellij.gradle.toolingExtension.impl.javaModel.manifestModel.JavaGradleManifestModelBuilder: loaded 4 times (x 86B)
Class org.gradle.tooling.internal.adapter.ProtocolToModelAdapter$MixInMappingAction   : loaded 4 times (x 80B)
Class com.intellij.gradle.toolingExtension.impl.javaModel.manifestModel.DefaultJavaGradleManifestModel: loaded 4 times (x 76B)
Class com.android.builder.model.v2.ide.JavaCompileOptions                             : loaded 4 times (x 70B)
Class com.android.tools.idea.gradle.model.impl.IdeSigningConfigImpl                   : loaded 3 times (x 78B)
Class com.android.tools.idea.gradle.project.sync.FetchedVariant                       : loaded 3 times (x 72B)
Class com.android.builder.model.v2.models.SourceType                                  : loaded 3 times (x 79B)
Class com.android.tools.idea.gradle.project.sync.SyncProjectActionWorker              : loaded 3 times (x 72B)
Class com.android.tools.idea.gradle.project.sync.SyncVariantResultSuccess             : loaded 3 times (x 72B)
Class org.jetbrains.plugins.gradle.model.ExternalFilter                               : loaded 3 times (x 70B)
Class com.android.tools.idea.gradle.model.CodeShrinker                                : loaded 3 times (x 79B)
Class com.android.tools.idea.gradle.project.sync.GradleModelCollection                : loaded 3 times (x 70B)
Class com.android.tools.idea.gradle.project.sync.SingleVariantSyncActionOptions       : loaded 3 times (x 73B)
Class com.android.tools.idea.gradle.project.sync.VariantDetails                       : loaded 3 times (x 72B)
Class com.android.tools.idea.gradle.model.impl.IdeVariantCoreImpl$Companion           : loaded 3 times (x 71B)
Class com.google.common.collect.Range$RangeLexOrdering                                : loaded 3 times (x 114B)
Class org.gradle.tooling.model.idea.IdeaSourceDirectory                               : loaded 3 times (x 70B)
Class com.android.tools.idea.gradle.project.sync.ModelCacheV2ImplKt$WhenMappings      : loaded 3 times (x 71B)
Class com.android.tools.idea.gradle.model.IdeAndroidLibraryImpl                       : loaded 3 times (x 106B)
Class com.android.tools.idea.gradle.model.IdePreResolvedModuleLibraryImpl             : loaded 3 times (x 81B)
Class com.android.tools.idea.gradle.project.sync.FetchedVariantResult$Finished        : loaded 3 times (x 72B)
Class com.android.tools.idea.gradle.project.sync.IdeSyncExecutionReport               : loaded 3 times (x 71B)
Class com.android.tools.idea.gradle.model.IdeDependencyCore                           : loaded 3 times (x 70B)
Class com.android.builder.model.v2.models.BaseTestSuiteSourceIdentity                 : loaded 3 times (x 70B)
Class com.android.tools.idea.gradle.project.sync.AndroidModule                        : loaded 3 times (x 88B)
Class com.android.tools.idea.gradle.model.IdeBaseConfig                               : loaded 3 times (x 70B)
Class org.gradle.tooling.model.kotlin.dsl.EditorReport                                : loaded 3 times (x 70B)
Class com.android.tools.idea.projectsystem.gradle.sync.Counter$time$1                 : loaded 3 times (x 78B)
Class org.jetbrains.plugins.gradle.model.MavenRepositoryModel                         : loaded 3 times (x 70B)
Class com.intellij.gradle.toolingExtension.impl.modelAction.GradleDaemonModelHolder   : loaded 3 times (x 76B)
Class org.jetbrains.kotlin.gradle.idea.tcs.IdeaKotlinDependency                       : loaded 3 times (x 70B)
Class com.android.tools.idea.gradle.project.sync.AgpCompatibilityKt                   : loaded 3 times (x 71B)
Class com.android.tools.idea.gradle.project.sync.StandaloneDeliverableModel$Companion : loaded 3 times (x 71B)
Class org.gradle.tooling.model.idea.IdeaModule                                        : loaded 3 times (x 70B)
Class com.android.tools.idea.gradle.model.IdeProjectPath                              : loaded 3 times (x 70B)
Class com.android.tools.idea.gradle.project.sync.DependencyGraphCompat$AdjacencyList  : loaded 3 times (x 72B)
Class com.android.tools.idea.gradle.model.IdePreResolvedModuleLibrary                 : loaded 3 times (x 70B)
Class org.jetbrains.plugins.gradle.model.tests.ExternalTestSourceMapping              : loaded 3 times (x 70B)
Class com.android.tools.idea.gradle.project.sync.VariantDependenciesCompat            : loaded 3 times (x 72B)
Class org.gradle.tooling.BuildAction                                                  : loaded 3 times (x 70B)
Class com.android.tools.idea.gradle.model.IdeDependenciesInfo                         : loaded 3 times (x 70B)
Class org.gradle.tooling.internal.adapter.ProtocolToModelAdapter$2                    : loaded 3 times (x 78B)
Class org.gradle.tooling.UnknownModelException                                        : loaded 3 times (x 83B)
Class org.gradle.tooling.internal.consumer.converters.EclipseProjectHasAutoBuildMixin : loaded 3 times (x 72B)
Class com.android.tools.idea.gradle.model.IdeAndroidGradlePluginProjectFlags          : loaded 3 times (x 70B)
Class com.android.tools.idea.gradle.model.impl.IdeDependenciesInfoImpl                : loaded 3 times (x 75B)
Class com.android.tools.idea.gradle.project.sync.AndroidVariantResolver               : loaded 3 times (x 70B)
Class com.android.tools.idea.gradle.project.sync.AgpCompatibilityKt$WhenMappings      : loaded 3 times (x 71B)
Class com.android.tools.idea.gradle.model.ClasspathType                               : loaded 3 times (x 79B)
Class com.android.tools.idea.projectsystem.gradle.sync.Counter$time$2                 : loaded 3 times (x 78B)
Class org.gradle.tooling.internal.consumer.converters.GradleProjectIdentifierMixin    : loaded 3 times (x 73B)
Class com.intellij.util.ReflectionUtilRt                                              : loaded 3 times (x 71B)
Class com.android.tools.idea.gradle.model.IdeJavaLibrary                              : loaded 3 times (x 70B)
Class org.jetbrains.kotlin.idea.gradleTooling.KotlinMPPGradleModel$Companion          : loaded 3 times (x 71B)
Class org.gradle.tooling.model.kotlin.dsl.EditorPosition                              : loaded 3 times (x 70B)
Class com.intellij.gradle.toolingExtension.impl.model.projectModel.GradleExternalProjectModelProvider: loaded 3 times (x 79B)
Class com.android.tools.idea.gradle.project.sync.BasicNonAndroidIncompleteGradleModule: loaded 3 times (x 73B)
Class com.android.tools.idea.gradle.project.sync.GradleModule                         : loaded 3 times (x 78B)
Class com.android.tools.idea.gradle.model.impl.IdeProjectPathImpl                     : loaded 3 times (x 77B)
Class com.android.builder.model.v2.models.TestSuiteSourceDependenciesAdjacencyList    : loaded 3 times (x 70B)
Class com.android.tools.idea.gradle.model.impl.IdeJavaArtifactCoreImpl                : loaded 3 times (x 91B)
Class com.android.tools.idea.gradle.project.sync.FetchedVariantResult$InProgress      : loaded 3 times (x 71B)
Class com.android.tools.idea.gradle.model.IdeBuildTypeContainer                       : loaded 3 times (x 70B)
Class [Lorg.gradle.tooling.internal.adapter.MethodInvoker;                            : loaded 3 times (x 69B)
Class org.gradle.tooling.internal.adapter.ProtocolToModelAdapter$MixInTypeMappingAction: loaded 3 times (x 81B)
Class com.android.tools.idea.gradle.model.impl.IdeCompositeBuildMapImpl               : loaded 3 times (x 76B)
Class com.android.tools.idea.gradle.project.sync.SyncActionOptions                    : loaded 3 times (x 72B)
Class [Lcom.android.tools.idea.gradle.project.upgrade.AndroidGradlePluginCompatibility;: loaded 3 times (x 69B)
Class com.google.common.collect.Cut                                                   : loaded 3 times (x 88B)
Class com.android.tools.idea.gradle.project.sync.ModelCacheV2ImplKt$modelCacheV2Impl$1: loaded 3 times (x 80B)
Class com.android.tools.idea.gradle.project.sync.HasAndroidVariantResolver            : loaded 3 times (x 70B)
Class com.android.tools.idea.gradle.project.sync.VariantDiscoveryKt                   : loaded 3 times (x 71B)
Class com.android.tools.idea.gradle.project.sync.VariantDetailsKt                     : loaded 3 times (x 71B)
Class com.android.builder.model.v2.models.TestSuiteSource                             : loaded 3 times (x 70B)
Class com.intellij.gradle.toolingExtension.model.repositoryModel.RepositoryModel      : loaded 3 times (x 70B)
Class org.gradle.tooling.internal.consumer.converters.IdeaModuleDependencyTargetNameMixin: loaded 3 times (x 73B)
Class org.jetbrains.kotlin.gradle.idea.tcs.IdeaKotlinDependencyCoordinates            : loaded 3 times (x 70B)
Class com.intellij.gradle.toolingExtension.impl.model.sourceSetDependencyModel.GradleSourceSetDependencyModelProvider: loaded 3 times (x 79B)
Class org.gradle.tooling.model.GradleProject                                          : loaded 3 times (x 70B)
Class com.android.tools.idea.gradle.model.IdeUnknownLibraryImpl                       : loaded 3 times (x 83B)
Class com.intellij.openapi.diagnostic.LogLevel                                        : loaded 3 times (x 79B)
Class com.android.tools.idea.gradle.project.sync.DeliverableGradleModule              : loaded 3 times (x 76B)
Class com.android.tools.idea.gradle.project.sync.AndroidSyncException                 : loaded 3 times (x 82B)
Class com.android.ide.common.gradle.Module                                            : loaded 3 times (x 72B)
Class com.android.tools.idea.gradle.project.sync.AgpVersionsMismatch                  : loaded 3 times (x 82B)
Class [Lcom.android.tools.idea.gradle.project.sync.ModelFeature;                      : loaded 3 times (x 69B)
Class com.android.tools.idea.gradle.model.impl.IdeUnresolvedLibraryTable              : loaded 3 times (x 70B)
Class com.android.tools.idea.gradle.project.sync.SyncProjectActionWorker$populateAndroidModels$2$variantDiscovery$1: loaded 3 times (x 78B)
Class com.android.tools.idea.gradle.model.IdeViewBindingOptions                       : loaded 3 times (x 70B)
Class com.android.tools.idea.gradle.model.IdeUnresolvedLibrary                        : loaded 3 times (x 70B)
Class com.android.tools.idea.gradle.project.sync.ModelCacheV2ImplKt$modelCacheV2Impl$variantCoreFrom$6: loaded 3 times (x 129B)
Class com.android.tools.idea.gradle.model.impl.BuildFolderPaths                       : loaded 3 times (x 72B)
Class com.intellij.gradle.toolingExtension.impl.modelAction.GradleModelHolderState    : loaded 3 times (x 77B)
Class com.android.tools.idea.gradle.model.IdeBaseArtifactCore                         : loaded 3 times (x 70B)
Class org.jetbrains.kotlin.idea.gradleTooling.AndroidAwareGradleModelProvider$populateModels$1: loaded 3 times (x 74B)
Class org.gradle.tooling.internal.adapter.ProtocolToModelAdapter$ClassMixInMethodInvoker: loaded 3 times (x 76B)
Class com.android.tools.idea.gradle.project.sync.ModelCache$V2                        : loaded 3 times (x 70B)
Class kotlin.jvm.internal.FunctionAdapter                                             : loaded 3 times (x 70B)
Class com.android.ide.common.gradle.Module$Companion                                  : loaded 3 times (x 71B)
Class org.gradle.tooling.internal.consumer.converters.BackwardsCompatibleIdeaModuleDependency: loaded 3 times (x 70B)
Class com.android.tools.idea.gradle.project.sync.ModelFetchersKt                      : loaded 3 times (x 71B)
Class com.google.common.collect.SortedLists$KeyAbsentBehavior                         : loaded 3 times (x 80B)
Class com.android.tools.idea.gradle.project.sync.ModelResult                          : loaded 3 times (x 72B)
Class com.android.tools.idea.gradle.model.IdeUnresolvedAndroidLibrary                 : loaded 3 times (x 70B)
Class com.intellij.openapi.util.io.FileTooBigException                                : loaded 3 times (x 82B)
Class com.android.tools.idea.gradle.project.sync.GradleProject                        : loaded 3 times (x 75B)
Class com.intellij.gradle.toolingExtension.impl.modelSerialization.DefaultSerializationService: loaded 3 times (x 76B)
Class org.gradle.tooling.FetchModelResult                                             : loaded 3 times (x 70B)
Class org.jetbrains.kotlin.idea.projectModel.KotlinTarget$Companion                   : loaded 3 times (x 71B)
Class org.gradle.tooling.model.BuildModel                                             : loaded 3 times (x 70B)
Class com.intellij.gradle.toolingExtension.modelAction.GradleModelFetchPhase$BuildFinished: loaded 3 times (x 70B)
Class [Lcom.android.tools.idea.gradle.model.ResolverType;                             : loaded 3 times (x 69B)
Class com.android.tools.idea.gradle.project.sync.LibraryIdentity                      : loaded 3 times (x 72B)
Class org.gradle.tooling.internal.consumer.versioning.VersionDetails                  : loaded 3 times (x 80B)
Class org.gradle.tooling.model.gradle.GradleBuild                                     : loaded 3 times (x 70B)
Class org.gradle.tooling.internal.consumer.versioning.VersionDetails$R51VersionDetails: loaded 3 times (x 80B)
Class org.gradle.tooling.internal.consumer.connection.NestedActionAwareBuildControllerAdapter: loaded 3 times (x 112B)
Class com.android.tools.idea.gradle.model.IdeVariantCore                              : loaded 3 times (x 70B)
Class com.android.tools.idea.gradle.project.sync.BuildId                              : loaded 3 times (x 72B)
Class com.android.tools.idea.gradle.project.sync.AndroidProjectResult                 : loaded 3 times (x 76B)
Class com.android.tools.idea.gradle.model.IdeExtraSourceProvider                      : loaded 3 times (x 70B)
Class com.android.tools.idea.gradle.project.sync.NativeVariantAbiResult$V2            : loaded 3 times (x 72B)
Class org.jetbrains.plugins.gradle.tooling.util.GradleVersionComparator               : loaded 3 times (x 75B)
Class org.gradle.tooling.internal.consumer.connection.ToolingParameterProxy           : loaded 3 times (x 76B)
Class org.gradle.tooling.internal.consumer.converters.IncludedBuildsMixin             : loaded 3 times (x 74B)
Class com.android.tools.idea.gradle.project.sync.ResolvedAndroidProjectPath           : loaded 3 times (x 70B)
Class com.android.tools.idea.gradle.model.IdeDependenciesCore                         : loaded 3 times (x 70B)
Class com.android.tools.idea.gradle.model.impl.IdeDependenciesImplKt                  : loaded 3 times (x 71B)
Class com.android.tools.idea.gradle.project.upgrade.AndroidGradlePluginCompatibilityKt: loaded 3 times (x 71B)
Class com.android.tools.idea.gradle.project.sync.BasicIncompleteAndroidModule         : loaded 3 times (x 73B)
Class org.gradle.tooling.internal.consumer.versioning.ModelMapping                    : loaded 3 times (x 73B)
Class com.android.tools.idea.gradle.project.sync.AgpVersionIncompatible               : loaded 3 times (x 82B)
Class org.gradle.tooling.model.idea.BasicIdeaProject                                  : loaded 3 times (x 70B)
Class com.android.tools.idea.gradle.project.sync.ModelVersion                         : loaded 3 times (x 75B)
Class org.gradle.tooling.internal.consumer.converters.BasicGradleProjectIdentifierMixin: loaded 3 times (x 73B)
Class com.google.common.collect.SortedLists$KeyPresentBehavior                        : loaded 3 times (x 80B)
Class com.android.tools.idea.gradle.model.impl.IdeBuildTypeContainerImpl              : loaded 3 times (x 79B)
Class com.android.tools.idea.gradle.model.impl.ThrowingIdeDependencies                : loaded 3 times (x 78B)
Class com.android.tools.idea.gradle.project.sync.ActionToRun$toSafeController$1       : loaded 3 times (x 90B)
Class org.gradle.tooling.model.GradleTask                                             : loaded 3 times (x 70B)
Class com.android.tools.idea.gradle.project.sync.LibraryIdentity$LibraryIdentityProvider$Companion: loaded 3 times (x 71B)
Class com.intellij.gradle.toolingExtension.modelAction.GradleProjectLoadedModelFetchPhase: loaded 3 times (x 81B)
Class com.android.tools.idea.gradle.project.sync.FetchedVariantResult                 : loaded 3 times (x 71B)
Class [Lcom.android.tools.idea.gradle.model.impl.IdeModuleSourceSet;                  : loaded 3 times (x 69B)
Class com.android.builder.model.v2.models.TestSuiteDependenciesAdjacencyList          : loaded 3 times (x 70B)
Class com.android.tools.idea.gradle.project.sync.BasicV2AndroidModuleGradleProject    : loaded 3 times (x 73B)
Class com.android.tools.idea.gradle.project.sync.VariantDef                           : loaded 3 times (x 72B)
Class com.android.tools.idea.gradle.project.sync.DefaultVariantsKt$getDefaultVariant$$inlined$thenBy$1: loaded 3 times (x 90B)
Class com.android.tools.idea.gradle.project.sync.JavaModule                           : loaded 3 times (x 78B)
Class org.gradle.tooling.internal.adapter.ProtocolToModelAdapter$MixInBeanMappingAction: loaded 3 times (x 81B)
Class com.android.tools.idea.gradle.project.sync.ClasspathIdentifier                  : loaded 3 times (x 72B)
Class com.android.tools.idea.gradle.project.sync.VariantDiscovery$toTraverseAction$1$1$moduleDependencies$1: loaded 3 times (x 129B)
Class com.android.tools.idea.gradle.project.sync.AndroidExtraModelProviderKt          : loaded 3 times (x 71B)
Class com.intellij.openapi.util.io.FileUtilRt$SymlinkResolver                         : loaded 3 times (x 70B)
Class com.android.tools.idea.gradle.model.IdeJavaLibraryImpl                          : loaded 3 times (x 92B)
Class com.android.tools.idea.gradle.model.IdeJavaCompileOptions                       : loaded 3 times (x 70B)
Class com.android.tools.idea.gradle.project.sync.ModelCacheV2ImplKt$modelCacheV2Impl$variantCoreFrom$9: loaded 3 times (x 129B)
Class com.android.tools.idea.gradle.model.IdeProductFlavor                            : loaded 3 times (x 70B)
Class com.android.tools.idea.gradle.model.IdeArtifactName$Companion                   : loaded 3 times (x 71B)
Class com.android.tools.idea.gradle.project.sync.AdditionalClassifierArtifactsModelCollectorKt: loaded 3 times (x 71B)
Class com.google.common.collect.Cut$BelowValue                                        : loaded 3 times (x 88B)
Class org.gradle.tooling.internal.consumer.converters.ConsumerTargetTypeProvider      : loaded 3 times (x 76B)
Class org.jetbrains.kotlin.idea.projectModel.KotlinSwiftExportModel                   : loaded 3 times (x 70B)
Class com.android.builder.model.v2.ide.TestSuiteTarget                                : loaded 3 times (x 70B)
Class com.android.tools.idea.gradle.project.sync.AndroidProjectResult$Companion$RuntimeClasspathBehaviour: loaded 3 times (x 71B)
Class com.android.tools.idea.gradle.project.sync.InternedModels                       : loaded 3 times (x 72B)
Class com.android.tools.idea.gradle.model.impl.IdeModuleWellKnownSourceSet            : loaded 3 times (x 84B)
Class com.android.tools.idea.gradle.project.sync.LibraryIdentity$Companion            : loaded 3 times (x 71B)
Class com.intellij.openapi.diagnostic.Logger$DefaultFactory                           : loaded 3 times (x 74B)
Class com.android.tools.idea.gradle.model.impl.IdeMultiVariantDataImpl                : loaded 3 times (x 77B)
Class com.android.tools.idea.gradle.model.IdeUnresolvedJavaLibrary                    : loaded 3 times (x 70B)
Class com.android.tools.idea.gradle.project.sync.NativeVariantAbiResult               : loaded 3 times (x 71B)
Class com.android.tools.idea.gradle.model.impl.IdeSyncIssueImpl                       : loaded 3 times (x 79B)
Class com.android.tools.idea.gradle.project.sync.StandaloneDeliverableModel           : loaded 3 times (x 75B)
Class org.jetbrains.plugins.gradle.tooling.serialization.internal.IdeaProjectSerializationService$1: loaded 3 times (x 76B)
Class org.jetbrains.plugins.gradle.model.GradleConvention                             : loaded 3 times (x 70B)
Class com.android.tools.idea.gradle.project.sync.LibraryIdentity$LibraryIdentityProvider: loaded 3 times (x 72B)
Class org.gradle.tooling.model.SourceDirectory                                        : loaded 3 times (x 70B)
Class com.intellij.openapi.util.io.FileUtilRt                                         : loaded 3 times (x 71B)
Class com.android.tools.idea.gradle.project.sync.VariantNameResolutionKt$buildVariantNameResolver$1: loaded 3 times (x 75B)
Class org.gradle.internal.impldep.com.google.common.base.Preconditions                : loaded 3 times (x 71B)
Class org.gradle.tooling.model.idea.IdeaSingleEntryLibraryDependency                  : loaded 3 times (x 70B)
Class org.gradle.tooling.model.ExternalDependency                                     : loaded 3 times (x 70B)
Class com.android.tools.idea.gradle.project.sync.ModelConsumerVersion                 : loaded 3 times (x 75B)
Class com.android.tools.idea.gradle.model.impl.IdeVariantBuildInformationImpl         : loaded 3 times (x 76B)
Class com.intellij.gradle.toolingExtension.impl.modelSerialization.ToolingSerializerConverter: loaded 3 times (x 73B)
Class com.intellij.gradle.toolingExtension.modelAction.GradleModelFetchPhase$ProjectLoaded: loaded 3 times (x 70B)
Class [Lcom.android.tools.idea.gradle.project.sync.SyncTestMode;                      : loaded 3 times (x 69B)
Class io.opentelemetry.context.ContextExecutorService                                 : loaded 3 times (x 104B)
Class [Lcom.android.tools.idea.gradle.project.sync.MeasurementCheckpoint;             : loaded 3 times (x 69B)
Class com.intellij.gradle.toolingExtension.modelProvider.GradleClassProjectModelProvider: loaded 3 times (x 80B)
Class [Lcom.google.common.collect.SortedLists$KeyAbsentBehavior;                      : loaded 3 times (x 69B)
Class com.android.tools.idea.gradle.project.sync.DefaultVariantsKt                    : loaded 3 times (x 71B)
Class org.jetbrains.plugins.gradle.tooling.serialization.internal.IdeaProjectSerializationService$2: loaded 3 times (x 77B)
Class com.android.tools.idea.gradle.project.sync.AllVariantsSyncActionOptions         : loaded 3 times (x 73B)
Class com.android.tools.idea.gradle.model.impl.IdeProductFlavorImpl                   : loaded 3 times (x 101B)
Class com.android.tools.idea.gradle.model.IdeJavaArtifactCore                         : loaded 3 times (x 70B)
Class com.intellij.gradle.toolingExtension.impl.util.GradleModelProviderUtil          : loaded 3 times (x 71B)
Class com.intellij.gradle.toolingExtension.modelAction.GradleModelFetchPhase          : loaded 3 times (x 70B)
Class com.android.tools.idea.gradle.project.sync.AndroidExtraModelProviderWorker      : loaded 3 times (x 72B)
Class com.android.tools.idea.gradle.model.impl.IdeTestOptionsImpl                     : loaded 3 times (x 77B)
Class com.android.tools.idea.gradle.project.sync.IdeAndroidSyncIssuesAndExceptions    : loaded 3 times (x 72B)
Class com.android.tools.idea.gradle.project.sync.DependencyGraphCompat                : loaded 3 times (x 71B)
Class com.android.tools.idea.gradle.project.sync.VariantDiscovery                     : loaded 3 times (x 72B)
Class com.intellij.gradle.toolingExtension.impl.model.taskModel.GradleTaskModelProvider: loaded 3 times (x 78B)
Class org.gradle.tooling.model.eclipse.EclipseClasspathEntry                          : loaded 3 times (x 70B)
Class org.gradle.internal.impldep.com.google.common.base.Optional                     : loaded 3 times (x 80B)
Class com.android.tools.idea.gradle.project.sync.ActionToRun                          : loaded 3 times (x 72B)
Class com.android.tools.idea.gradle.model.IdeSourceProviderKt                         : loaded 3 times (x 71B)
Class com.android.tools.idea.gradle.model.impl.IdeAndroidGradlePluginProjectFlagsImpl : loaded 3 times (x 87B)
Class [Lcom.intellij.openapi.diagnostic.LogLevel;                                     : loaded 3 times (x 69B)
Class com.android.tools.idea.gradle.model.impl.IdeAndroidProjectImpl                  : loaded 3 times (x 107B)
Class com.android.tools.idea.gradle.project.sync.DefaultVariantsKt$getDefaultVariant$$inlined$thenBy$2: loaded 3 times (x 90B)
Class com.google.common.collect.TreeRangeSet                                          : loaded 3 times (x 115B)
Class com.android.tools.idea.gradle.project.sync.SyncVariantResult                    : loaded 3 times (x 72B)
Class com.android.tools.idea.gradle.model.impl.FileImpl                               : loaded 3 times (x 121B)
Class com.android.tools.idea.gradle.model.impl.IdeVectorDrawablesOptionsImpl          : loaded 3 times (x 75B)
Class org.jetbrains.plugins.gradle.tooling.serialization.internal.adapter.kotlin.dsl.InternalKotlinDslScriptModel: loaded 3 times (x 84B)
Class com.android.builder.model.v2.ide.TestSuiteVariantTarget                         : loaded 3 times (x 70B)
Class com.android.tools.idea.gradle.model.IdeTestOptions$Execution                    : loaded 3 times (x 79B)
Class com.android.builder.model.v2.ide.UnresolvedDependency                           : loaded 3 times (x 70B)
Class org.jetbrains.plugins.gradle.tooling.serialization.internal.IdeaProjectSerializationService$3: loaded 3 times (x 77B)
Class com.android.tools.idea.gradle.model.IdeAndroidLibrary                           : loaded 3 times (x 70B)
Class com.android.builder.model.AndroidProject                                        : loaded 3 times (x 70B)
Class [Lcom.android.tools.idea.gradle.project.sync.AndroidModule$NativeModelVersion;  : loaded 3 times (x 69B)
Class com.android.tools.idea.gradle.model.impl.IdeAndroidProjectImpl$Companion        : loaded 3 times (x 71B)
Class com.android.tools.idea.gradle.model.impl.IdeAaptOptionsImpl                     : loaded 3 times (x 75B)
Class org.jetbrains.kotlin.idea.gradleTooling.model.kapt.KaptSourceSetModel           : loaded 3 times (x 70B)
Class org.gradle.tooling.internal.consumer.versioning.VersionDetails$R28VersionDetails: loaded 3 times (x 80B)
Class com.android.tools.idea.gradle.project.sync.SwitchVariantRequest                 : loaded 3 times (x 72B)
Class org.gradle.tooling.internal.consumer.connection.StreamingAwareBuildControllerAdapter: loaded 3 times (x 112B)
Class com.android.tools.idea.projectsystem.gradle.sync.PerformanceMeasurementUtilKt   : loaded 3 times (x 71B)
Class com.android.tools.idea.gradle.project.sync.AgpVersionTooNew                     : loaded 3 times (x 82B)
Class com.android.tools.idea.gradle.model.impl.IdeDependenciesCoreDirect              : loaded 3 times (x 79B)
Class com.android.tools.idea.gradle.project.sync.AgpVersionTooOld                     : loaded 3 times (x 82B)
Class org.gradle.tooling.internal.consumer.versioning.VersionDetails$R26VersionDetails: loaded 3 times (x 80B)
Class org.gradle.tooling.internal.consumer.versioning.ModelMapping$DefaultModelIdentifier: loaded 3 times (x 76B)
Class com.intellij.openapi.util.io.FileUtilRt$RepeatableIOOperation                   : loaded 3 times (x 70B)
Class com.android.tools.idea.gradle.project.sync.BasicIncompleteGradleModule          : loaded 3 times (x 73B)
Class com.android.builder.model.v2.models.HostJarTestSuiteSource                      : loaded 3 times (x 70B)
Class [Lcom.android.tools.idea.gradle.model.impl.IdeModuleWellKnownSourceSet;         : loaded 3 times (x 69B)
Class com.android.tools.idea.gradle.project.sync.ModelCacheV1ImplKt                   : loaded 3 times (x 71B)
Class com.android.tools.idea.gradle.model.ndk.v2.IdeNativeModule                      : loaded 3 times (x 70B)
Class com.android.tools.idea.gradle.model.IdeVectorDrawablesOptions                   : loaded 3 times (x 70B)
Class com.android.tools.idea.gradle.project.sync.ModuleConfiguration                  : loaded 3 times (x 72B)
Class com.android.tools.idea.gradle.project.sync.AndroidProjectResultKt               : loaded 3 times (x 71B)
Class com.android.tools.idea.gradle.model.impl.IdeVariantCoreSerializable             : loaded 3 times (x 70B)
Class com.android.builder.model.v2.models.ndk.NativeBuildSystem                       : loaded 3 times (x 79B)
Class Settings_gradle$1                                                               : loaded 3 times (x 74B)
Class com.android.tools.idea.gradle.model.IdeCompositeBuildMap                        : loaded 3 times (x 70B)
Class org.gradle.tooling.model.cpp.CppBinary                                          : loaded 3 times (x 70B)
Class com.android.tools.idea.gradle.project.sync.ModelResult$Companion                : loaded 3 times (x 71B)
Class com.android.tools.idea.gradle.project.sync.ModelCacheV2ImplKt$modelCacheV2Impl$variantCoreFrom$12: loaded 3 times (x 129B)
Class org.jetbrains.plugins.gradle.model.ExternalSourceDirectorySet                   : loaded 3 times (x 70B)
Class com.android.tools.idea.gradle.project.sync.AndroidArtifactRef                   : loaded 3 times (x 72B)
Class org.gradle.tooling.model.cpp.CppComponent                                       : loaded 3 times (x 70B)
Class org.gradle.tooling.model.Launchable                                             : loaded 3 times (x 70B)
Class com.android.tools.idea.gradle.model.impl.IdeBasicVariantImpl                    : loaded 3 times (x 79B)
Class com.android.tools.idea.gradle.project.sync.SyncTestMode                         : loaded 3 times (x 79B)
Class com.android.tools.idea.gradle.project.sync.ModelProviderCachedData              : loaded 3 times (x 72B)
Class com.android.tools.idea.gradle.model.IdeSourceProvider                           : loaded 3 times (x 72B)
Class com.android.tools.idea.gradle.model.IdeTestOptions                              : loaded 3 times (x 70B)
Class com.android.tools.idea.gradle.model.impl.IdeExtraSourceProviderImpl             : loaded 3 times (x 76B)
Class com.android.tools.idea.gradle.model.IdeSyncIssue                                : loaded 3 times (x 70B)
Class com.android.tools.idea.gradle.model.LibraryReference                            : loaded 3 times (x 72B)
Class com.android.tools.idea.gradle.model.IdeAaptOptions                              : loaded 3 times (x 70B)
Class com.android.builder.model.v2.ide.TestSuite                                      : loaded 3 times (x 70B)
Class com.google.common.collect.SortedLists$KeyAbsentBehavior$1                       : loaded 3 times (x 80B)
Class com.android.ide.common.gradle.Component$Companion                               : loaded 3 times (x 71B)
Class com.android.tools.idea.gradle.model.IdeLintOptions                              : loaded 3 times (x 70B)
Class org.jetbrains.kotlin.idea.gradleTooling.IdeaKpmProjectProvider                  : loaded 3 times (x 78B)
Class com.intellij.openapi.diagnostic.DefaultLogger                                   : loaded 3 times (x 101B)
Class com.android.tools.idea.gradle.project.sync.VariantAssetSourceProviderContext    : loaded 3 times (x 72B)
Class com.android.tools.idea.gradle.project.sync.DefaultVariantsKt$getDefaultVariant$$inlined$compareBy$1: loaded 3 times (x 90B)
Class Settings_gradle$1$1                                                             : loaded 3 times (x 74B)
Class com.android.builder.model.v2.dsl.ClassField                                     : loaded 3 times (x 70B)
Class com.google.common.collect.Cut$BelowAll                                          : loaded 3 times (x 88B)
Class com.android.tools.idea.gradle.project.sync.AndroidExtraModelProviderWorkerKt    : loaded 3 times (x 71B)
Class com.intellij.openapi.diagnostic.Attachment                                      : loaded 3 times (x 72B)
Class com.android.tools.idea.gradle.project.sync.GradleProject$ModelConsumer          : loaded 3 times (x 72B)
Class org.jetbrains.plugins.gradle.tooling.util.ClassMap                              : loaded 3 times (x 72B)
Class org.jetbrains.plugins.gradle.tooling.serialization.internal.IdeaProjectSerializationService$6: loaded 3 times (x 76B)
Class org.gradle.tooling.internal.consumer.connection.UnparameterizedBuildController  : loaded 3 times (x 112B)
Class [Lcom.android.tools.idea.gradle.model.ClasspathType;                            : loaded 3 times (x 69B)
Class [Lcom.android.builder.model.v2.models.ndk.NativeBuildSystem;                    : loaded 3 times (x 69B)
Class com.intellij.gradle.toolingExtension.impl.modelSerialization.SerializationServiceNotFoundException: loaded 3 times (x 82B)
Class [Lcom.android.tools.idea.gradle.model.IdeArtifactName;                          : loaded 3 times (x 69B)
Class com.google.common.collect.SortedLists$KeyAbsentBehavior$2                       : loaded 3 times (x 80B)
Class com.google.common.collect.Cut$AboveAll                                          : loaded 3 times (x 88B)
Class com.android.tools.idea.projectsystem.gradle.sync.Counter                        : loaded 3 times (x 72B)
Class com.android.builder.model.ProjectSyncIssues                                     : loaded 3 times (x 70B)
Class com.android.tools.idea.gradle.project.sync.ArtifactDependenciesCompat$AdjacencyList: loaded 3 times (x 72B)
Class com.android.tools.idea.gradle.project.sync.ModelCacheV2ImplKt$modelCacheV2Impl$createFromDependencies$1$LibrariesByType: loaded 3 times (x 72B)
Class com.android.tools.idea.gradle.project.sync.SyncCounters                         : loaded 3 times (x 72B)
Class org.jetbrains.plugins.gradle.model.DefaultBuildController                       : loaded 3 times (x 106B)
Class org.jetbrains.plugins.gradle.tooling.serialization.internal.IdeaProjectSerializationService$JavaHomePathGetter: loaded 3 times (x 75B)
Class org.gradle.tooling.internal.consumer.connection.FetchAwareBuildControllerAdapter: loaded 3 times (x 112B)
Class com.intellij.gradle.toolingExtension.modelProvider.GradleClassBuildModelProvider: loaded 3 times (x 80B)
Class com.intellij.gradle.toolingExtension.modelAction.GradleBuildFinishedModelFetchPhase: loaded 3 times (x 81B)
Class com.android.tools.idea.gradle.project.sync.GradleSyncStudioFlags                : loaded 3 times (x 72B)
Class com.android.tools.idea.gradle.project.sync.SyncActionRunner                     : loaded 3 times (x 76B)
Class com.android.tools.idea.gradle.project.sync.SyncActionRunner$Companion           : loaded 3 times (x 71B)
Class com.android.tools.idea.gradle.model.impl.IdeVariantCoreImpl                     : loaded 3 times (x 108B)
Class com.android.tools.idea.gradle.project.sync.AndroidSdkBootClasspathUtilKt        : loaded 3 times (x 71B)
Class com.android.tools.idea.gradle.project.sync.SyncActionRunnerKt                   : loaded 3 times (x 71B)
Class com.android.tools.idea.gradle.project.sync.IdeModelFactoryV2                    : loaded 3 times (x 72B)
Class com.android.builder.model.Variant                                               : loaded 3 times (x 70B)
Class com.android.tools.idea.gradle.project.sync.ModelCacheKt                         : loaded 3 times (x 71B)
Class com.android.tools.idea.gradle.model.IdeVariantHeader                            : loaded 3 times (x 70B)
Class com.android.tools.idea.gradle.model.IdeAndroidLibraryImpl$Companion             : loaded 3 times (x 71B)
Class com.android.tools.idea.gradle.model.IdeAndroidArtifactCore                      : loaded 3 times (x 70B)
Class org.gradle.tooling.internal.adapter.ProtocolToModelAdapter$BeanMixInMethodInvoker: loaded 3 times (x 76B)
Class com.intellij.gradle.toolingExtension.impl.modelAction.GradleModelId             : loaded 3 times (x 72B)
Class com.android.builder.model.v2.ide.JUnitEngineInfo                                : loaded 3 times (x 70B)
Class org.jetbrains.plugins.gradle.tooling.serialization.internal.IdeaProjectSerializationService$7: loaded 3 times (x 76B)
Class com.android.tools.idea.gradle.project.sync.DeliverableJavaModule                : loaded 3 times (x 76B)
Class com.intellij.openapi.util.io.FileUtil                                           : loaded 3 times (x 71B)
Class com.android.tools.idea.gradle.project.sync.AndroidModule$V2                     : loaded 3 times (x 88B)
Class com.android.tools.idea.gradle.model.impl.IdeApiVersionImpl                      : loaded 3 times (x 77B)
Class com.android.builder.model.v2.ide.TestSuiteArtifact                              : loaded 3 times (x 70B)
Class com.google.common.collect.SortedLists$KeyAbsentBehavior$3                       : loaded 3 times (x 80B)
Class com.android.tools.idea.gradle.project.sync.AndroidProjectResult$Companion       : loaded 3 times (x 71B)
Class com.intellij.gradle.toolingExtension.impl.modelAction.GradleDaemonModelHolder$1 : loaded 3 times (x 78B)
Class com.google.common.collect.SortedLists$KeyPresentBehavior$1                      : loaded 3 times (x 80B)
Class com.android.tools.idea.gradle.project.sync.AndroidExtraModelProviderImpl        : loaded 3 times (x 72B)
Class com.android.tools.idea.gradle.project.sync.BuildTypeDef                         : loaded 3 times (x 72B)
Class com.android.tools.idea.gradle.model.IdeMultiVariantData                         : loaded 3 times (x 70B)
Class com.android.tools.idea.gradle.model.impl.IdeBuildTasksAndOutputInformationImpl  : loaded 3 times (x 80B)
Class org.gradle.tooling.model.kotlin.dsl.EditorReportSeverity                        : loaded 3 times (x 79B)
Class Settings_gradle                                                                 : loaded 3 times (x 124B)
Class com.intellij.gradle.toolingExtension.impl.modelAction.GradleDaemonModelHolder$ConvertedModel: loaded 3 times (x 72B)
Class org.jetbrains.plugins.gradle.model.GradleLightBuild                             : loaded 3 times (x 70B)
Class org.jetbrains.plugins.gradle.model.DefaultGradleLightProject                    : loaded 3 times (x 84B)
Class com.android.tools.idea.gradle.project.sync.AndroidModule$V1                     : loaded 3 times (x 88B)
Class com.intellij.openapi.util.SystemInfoRt                                          : loaded 3 times (x 71B)
Class com.intellij.openapi.diagnostic.Logger                                          : loaded 3 times (x 99B)
Class org.jetbrains.plugins.gradle.tooling.serialization.internal.IdeaProjectSerializationService$8: loaded 3 times (x 76B)
Class com.intellij.openapi.util.io.FileUtil$1                                         : loaded 3 times (x 77B)
Class com.android.tools.idea.gradle.project.sync.DeliverableAndroidModule             : loaded 3 times (x 76B)
Class org.jetbrains.kotlin.idea.projectModel.KotlinTargetJar                          : loaded 3 times (x 70B)
Class org.gradle.tooling.model.gradle.ProjectPublications                             : loaded 3 times (x 70B)
Class org.gradle.tooling.internal.consumer.converters.EclipseExternalDependencyUnresolvedMixin: loaded 3 times (x 73B)
Class com.intellij.gradle.toolingExtension.impl.modelSerialization.ToolingSerializer  : loaded 3 times (x 72B)
Class org.gradle.tooling.model.BuildableElement                                       : loaded 3 times (x 70B)
Class com.android.tools.idea.gradle.project.sync.AndroidExtraModelProvider            : loaded 3 times (x 79B)
Class org.gradle.tooling.model.eclipse.EclipseProject                                 : loaded 3 times (x 70B)
Class org.gradle.tooling.internal.consumer.versioning.VersionDetails$R48VersionDetails: loaded 3 times (x 80B)
Class org.gradle.tooling.model.gradle.BasicGradleProject                              : loaded 3 times (x 70B)
Class com.android.tools.idea.gradle.project.sync.BuildModelsAndMap                    : loaded 3 times (x 72B)
Class com.android.builder.model.v2.models.BasicTestSuite                              : loaded 3 times (x 70B)
Class [Lcom.android.tools.idea.gradle.model.IdeAaptOptions$Namespacing;               : loaded 3 times (x 69B)
Class com.android.tools.idea.gradle.model.impl.IdeDependencyCoreImpl                  : loaded 3 times (x 76B)
Class com.intellij.openapi.util.Comparing                                             : loaded 3 times (x 71B)
Class com.android.tools.idea.gradle.model.IdeVariantBuildInformation                  : loaded 3 times (x 70B)
Class org.gradle.tooling.model.HasGradleProject                                       : loaded 3 times (x 70B)
Class org.jetbrains.kotlin.gradle.idea.kpm.IdeaKpmProjectContainer                    : loaded 3 times (x 70B)
Class com.android.tools.idea.gradle.project.sync.IndexedModels                        : loaded 3 times (x 72B)
Class org.gradle.tooling.internal.consumer.versioning.VersionDetails$R44VersionDetails: loaded 3 times (x 80B)
Class com.intellij.openapi.util.io.FileUtil$2                                         : loaded 3 times (x 82B)
Class com.android.tools.idea.gradle.model.IdeUnresolvedUnknownLibrary                 : loaded 3 times (x 70B)
Class org.jetbrains.kotlin.idea.projectModel.KotlinPlatform                           : loaded 3 times (x 79B)
Class com.android.tools.idea.gradle.model.IdeAndroidProject                           : loaded 3 times (x 70B)
Class org.gradle.tooling.model.java.InstalledJdk                                      : loaded 3 times (x 70B)
Class com.intellij.openapi.diagnostic.Logger$Factory                                  : loaded 3 times (x 70B)
Class com.android.tools.idea.gradle.project.sync.AndroidExtraModelProviderKt$flattenDag$2: loaded 3 times (x 95B)
Class org.jetbrains.plugins.gradle.model.ProjectImportModelProvider$GradleModelConsumer$1: loaded 3 times (x 77B)
Class org.jetbrains.kotlin.idea.gradleTooling.IdeaKotlinDependenciesContainer         : loaded 3 times (x 70B)
Class org.jetbrains.kotlin.idea.projectModel.KotlinTarget                             : loaded 3 times (x 70B)
Class com.android.tools.idea.gradle.project.sync.HasLintJar                           : loaded 3 times (x 70B)
Class com.android.tools.idea.gradle.model.ResolverType                                : loaded 3 times (x 79B)
Class com.android.tools.idea.gradle.project.sync.GradleInjectedSyncActionRunner       : loaded 3 times (x 70B)
Class com.android.tools.idea.gradle.project.sync.DeliverableGradleModule$ModelConsumer: loaded 3 times (x 72B)
Class org.jetbrains.kotlin.idea.projectModel.ExtraFeatures                            : loaded 3 times (x 70B)
Class com.android.tools.idea.gradle.project.sync.ModelResult$Context                  : loaded 3 times (x 70B)
Class com.android.tools.idea.gradle.project.sync.ModelCacheV2ImplKt$modelCacheV2Impl$variantCoreFrom$15: loaded 3 times (x 129B)
Class com.android.tools.idea.gradle.model.IdeAndroidLibraryImplKt                     : loaded 3 times (x 71B)
Class com.android.tools.idea.gradle.model.IdeArtifactLibrary                          : loaded 3 times (x 70B)
Class com.android.tools.idea.gradle.model.impl.IdeLintOptionsImpl                     : loaded 3 times (x 103B)
Class org.jetbrains.plugins.gradle.tooling.serialization.internal.IdeaProjectSerializationService$11: loaded 3 times (x 76B)
Class com.android.tools.idea.gradle.model.IdeSourceProviderContainer                  : loaded 3 times (x 70B)
Class org.gradle.tooling.internal.consumer.connection.InternalPhasedActionAdapter     : loaded 3 times (x 78B)
Class com.intellij.gradle.toolingExtension.impl.util.GradleTreeTraverserUtil          : loaded 3 times (x 71B)
Class com.android.tools.idea.gradle.model.impl.FileImplKt                             : loaded 3 times (x 71B)
Class com.intellij.util.containers.UtilKt                                             : loaded 3 times (x 71B)
Class com.android.tools.idea.gradle.model.impl.IdeSourceProviderContainerImpl         : loaded 3 times (x 76B)
Class com.android.tools.idea.gradle.project.sync.BasicModulesKt                       : loaded 3 times (x 71B)
Class com.android.tools.idea.gradle.project.upgrade.AndroidGradlePluginCompatibility  : loaded 3 times (x 79B)
Class com.google.common.collect.Cut$AboveValue                                        : loaded 3 times (x 88B)
Class kotlin.jvm.internal.KotlinGenericDeclaration                                    : loaded 3 times (x 70B)
Class com.android.tools.idea.gradle.project.sync.ModelVersions                        : loaded 3 times (x 72B)
Class com.android.tools.idea.gradle.model.IdeAndroidProjectType                       : loaded 3 times (x 79B)
Class com.android.tools.idea.gradle.project.sync.SyncProjectActionOptions             : loaded 3 times (x 73B)
Class org.gradle.tooling.BuildController                                              : loaded 3 times (x 70B)
Class com.google.common.collect.SortedLists$KeyPresentBehavior$2                      : loaded 3 times (x 80B)
Class org.gradle.tooling.model.build.BuildEnvironment                                 : loaded 3 times (x 70B)
Class com.intellij.gradle.toolingExtension.impl.model.sourceSetModel.GradleSourceSetModelProvider: loaded 3 times (x 79B)
Class com.android.tools.idea.gradle.project.sync.ModuleId                             : loaded 3 times (x 72B)
Class org.gradle.tooling.model.Task                                                   : loaded 3 times (x 70B)
Class com.android.tools.idea.gradle.model.IdeBuildType                                : loaded 3 times (x 70B)
Class com.android.tools.idea.gradle.project.sync.ArtifactRef                          : loaded 3 times (x 71B)
Class com.android.tools.idea.gradle.project.sync.VariantSelectionChange               : loaded 3 times (x 72B)
Class com.android.tools.idea.gradle.project.sync.InternedModels$nameLibraries$IdeModelAndReferenceAndIdentity: loaded 3 times (x 75B)
Class com.android.tools.idea.gradle.project.sync.GradleModulesKt                      : loaded 3 times (x 71B)
Class org.jetbrains.plugins.gradle.tooling.serialization.internal.IdeaProjectSerializationService$WriteContext$FilePathComparator: loaded 3 times (x 91B)
Class org.gradle.tooling.model.internal.Exceptions                                    : loaded 3 times (x 71B)
Class org.gradle.tooling.UnsupportedVersionException                                  : loaded 3 times (x 83B)
Class com.intellij.gradle.toolingExtension.impl.model.buildScriptClasspathModel.GradleBuildScriptClasspathModelProvider: loaded 3 times (x 79B)
Class com.intellij.openapi.util.Pair                                                  : loaded 3 times (x 72B)
Class com.android.tools.idea.gradle.project.sync.ModelCacheV2ImplKt$modelCacheV2Impl$createFromDependencies$1$LibraryWithDependencies: loaded 3 times (x 72B)
Class com.android.tools.idea.gradle.model.impl.IdeViewBindingOptionsImpl              : loaded 3 times (x 74B)
Class com.android.tools.idea.gradle.project.sync.LibraryIdentity$LibraryIdentityProvider$special$$inlined$compareBy$1: loaded 3 times (x 90B)
Class org.jetbrains.plugins.gradle.tooling.serialization.internal.IdeaProjectSerializationService$TargetBytecodeVersionGetter: loaded 3 times (x 75B)
Class com.android.tools.idea.gradle.project.sync.MeasurementCheckpoint                : loaded 3 times (x 79B)
Class com.android.tools.idea.gradle.model.IdeUnknownLibrary                           : loaded 3 times (x 70B)
Class com.android.tools.idea.gradle.model.impl.IdeModuleSourceSet                     : loaded 3 times (x 70B)
Class [Lcom.android.tools.idea.gradle.model.IdeTestOptions$Execution;                 : loaded 3 times (x 69B)
Class org.jetbrains.plugins.gradle.model.DefaultGradleLightBuild                      : loaded 3 times (x 82B)
Class com.android.tools.idea.gradle.project.sync.Modules                              : loaded 3 times (x 71B)
Class com.android.builder.model.v2.ide.BasicTestSuiteArtifact                         : loaded 3 times (x 70B)
Class com.android.builder.model.v2.ide.TestSuiteTestInfo                              : loaded 3 times (x 70B)
Class com.android.tools.idea.gradle.model.impl.IdeUnresolvedLibraryTableImpl          : loaded 3 times (x 75B)
Class com.android.builder.model.v2.models.AssetsTestSuiteSource                       : loaded 3 times (x 70B)
Class com.google.common.collect.SortedLists$KeyPresentBehavior$3                      : loaded 3 times (x 80B)
Class org.gradle.tooling.internal.consumer.converters.FixedBuildIdentifierProvider    : loaded 3 times (x 75B)
Class com.intellij.gradle.toolingExtension.impl.modelAction.GradleModelFetchAction    : loaded 3 times (x 86B)
Class org.jetbrains.plugins.gradle.model.ProjectImportModelProvider$GradleModelConsumer: loaded 3 times (x 70B)
Class io.opentelemetry.context.ForwardingExecutorService                              : loaded 3 times (x 104B)
Class com.android.tools.idea.gradle.project.sync.HasBasicGradleProject                : loaded 3 times (x 70B)
Class com.android.tools.idea.gradle.project.sync.VariantSelectionKt                   : loaded 3 times (x 71B)
Class org.jetbrains.plugins.gradle.tooling.serialization.internal.IdeaProjectSerializationService$ResourceDirectoriesGetter: loaded 3 times (x 75B)
Class com.android.tools.idea.gradle.project.sync.AndroidProjectResult$V2Project       : loaded 3 times (x 77B)
Class org.jetbrains.plugins.gradle.tooling.serialization.internal.IdeaProjectSerializationService$JdkGetter: loaded 3 times (x 75B)
Class com.android.tools.idea.gradle.project.sync.LibraryIdentity$LibraryIdentityProvider$special$$inlined$thenBy$1: loaded 3 times (x 90B)
Class com.android.tools.idea.gradle.model.IdeArtifactName                             : loaded 3 times (x 79B)
Class org.gradle.kotlin.dsl.VersionCatalogAccessorsKt                                 : loaded 3 times (x 71B)
Class org.gradle.internal.impldep.com.google.common.base.Present                      : loaded 3 times (x 81B)
Class org.gradle.tooling.internal.consumer.connection.HasCompatibilityMapping         : loaded 3 times (x 73B)
Class com.android.tools.idea.gradle.model.impl.IdeBuildImpl                           : loaded 3 times (x 76B)
Class org.gradle.tooling.model.idea.IdeaContentRoot                                   : loaded 3 times (x 70B)
Class kotlin.coroutines.jvm.internal.CoroutineDumpState                               : loaded 3 times (x 71B)
Class com.android.tools.idea.gradle.project.sync.AdditionalClassifierArtifactsActionOptions: loaded 3 times (x 72B)
Class com.android.tools.idea.gradle.project.sync.ModelFeature                         : loaded 3 times (x 79B)
Class org.jetbrains.plugins.gradle.model.GradleLightProject                           : loaded 3 times (x 70B)
Class com.android.tools.idea.gradle.model.IdeBasicVariant                             : loaded 3 times (x 70B)
Class com.android.tools.idea.gradle.model.impl.IdeJavaCompileOptionsImpl              : loaded 3 times (x 78B)
Class com.android.ide.common.gradle.Component                                         : loaded 3 times (x 72B)
Class org.jetbrains.plugins.gradle.tooling.serialization.internal.IdeaProjectSerializationService$TestResourceDirectoriesGetter: loaded 3 times (x 75B)
Class com.android.tools.idea.gradle.model.IdeArtifactName$Companion$WhenMappings      : loaded 3 times (x 71B)
Class com.android.tools.idea.gradle.project.sync.VariantDiscovery$prepareRequestedOrDefaultModuleConfigurations$$inlined$sortedBy$1: loaded 3 times (x 89B)
Class com.android.tools.idea.gradle.project.sync.AndroidProjectPathResolver           : loaded 3 times (x 70B)
Class com.android.tools.idea.gradle.model.impl.IdeDependenciesCoreImpl                : loaded 3 times (x 70B)
Class com.android.tools.idea.gradle.project.sync.ModelCache                           : loaded 3 times (x 70B)
Class org.gradle.tooling.internal.consumer.connection.InternalBuildActionAdapter      : loaded 3 times (x 80B)
Class com.android.tools.idea.gradle.model.impl.IdeBuildTypeImpl                       : loaded 3 times (x 93B)
Class com.android.tools.idea.gradle.model.impl.IdeAndroidArtifactCoreImpl             : loaded 3 times (x 103B)
Class com.android.tools.idea.gradle.project.sync.ArtifactDependenciesCompat           : loaded 3 times (x 72B)
Class com.android.tools.idea.gradle.project.sync.AllKotlinModels                      : loaded 3 times (x 72B)
Class com.google.common.collect.SortedLists                                           : loaded 3 times (x 71B)
Class [Lcom.google.common.collect.SortedLists$KeyPresentBehavior;                     : loaded 3 times (x 69B)
Class com.android.tools.idea.gradle.model.IdeAaptOptions$Namespacing                  : loaded 3 times (x 79B)
Class com.google.common.collect.SortedLists$KeyPresentBehavior$4                      : loaded 3 times (x 80B)
Class com.android.tools.idea.gradle.model.IdeApiVersion                               : loaded 3 times (x 70B)
Class com.android.tools.idea.gradle.model.IdeBuild                                    : loaded 3 times (x 70B)
Class com.intellij.gradle.toolingExtension.impl.modelSerialization.ToolingSerializer$1: loaded 3 times (x 76B)
Class org.gradle.tooling.model.idea.IdeaJavaLanguageSettings                          : loaded 3 times (x 70B)
Class org.gradle.tooling.model.eclipse.EclipseExternalDependency                      : loaded 3 times (x 70B)
Class org.gradle.tooling.internal.adapter.ProtocolToModelAdapter$TypeSpecificMappingAction: loaded 3 times (x 81B)
Class org.gradle.tooling.model.eclipse.HierarchicalEclipseProject                     : loaded 3 times (x 70B)
Class org.gradle.tooling.internal.consumer.versioning.VersionDetails$R35VersionDetails: loaded 3 times (x 80B)
Class org.jetbrains.plugins.gradle.tooling.serialization.internal.adapter.kotlin.dsl.InternalKotlinDslScriptsModel: loaded 3 times (x 76B)
Class org.gradle.tooling.internal.adapter.ProtocolToModelAdapter$ChainedMethodInvoker : loaded 3 times (x 76B)
Class org.jetbrains.kotlin.idea.gradleTooling.KotlinDslScriptModelProvider            : loaded 3 times (x 78B)
Class com.intellij.gradle.toolingExtension.impl.util.GradleExecutorServiceUtil        : loaded 3 times (x 71B)
Class com.android.tools.idea.gradle.project.sync.VariantDependenciesCompat$AdjacencyList: loaded 3 times (x 72B)
Class [Lcom.android.tools.idea.gradle.model.IdeAndroidProjectType;                    : loaded 3 times (x 69B)
Class com.android.tools.idea.gradle.model.IdeBuildTasksAndOutputInformation           : loaded 3 times (x 70B)
Class com.android.tools.idea.gradle.project.sync.SelectedVariants                     : loaded 3 times (x 72B)
Class org.jetbrains.plugins.gradle.model.FilePatternSet                               : loaded 3 times (x 70B)
Class com.google.common.collect.SortedLists$KeyPresentBehavior$5                      : loaded 3 times (x 80B)
Class org.gradle.tooling.internal.consumer.connection.ParameterAwareBuildControllerAdapter: loaded 3 times (x 112B)
Class org.jetbrains.plugins.gradle.tooling.serialization.internal.IdeaProjectSerializationService$10: loaded 3 times (x 76B)
Class com.android.tools.idea.gradle.project.sync.ModelConverter                       : loaded 3 times (x 71B)
Class com.android.tools.idea.gradle.project.sync.SyncActionRunnerKt$toMeasuringController$1: loaded 3 times (x 90B)
Class com.google.common.collect.TreeRangeSet$AsRanges                                 : loaded 3 times (x 149B)
Class com.android.tools.idea.gradle.project.sync.IdeModelFactoryV2Kt                  : loaded 3 times (x 71B)
Class com.android.tools.idea.gradle.project.sync.AndroidModule$NativeModelVersion     : loaded 3 times (x 79B)
Class com.android.tools.idea.gradle.project.sync.IdeModelWithPostProcessor            : loaded 3 times (x 72B)
Class com.android.tools.idea.gradle.model.impl.IdeModuleWellKnownSourceSet$Companion  : loaded 3 times (x 71B)
Class com.android.tools.idea.gradle.project.sync.NativeVariantAbiResult$None          : loaded 3 times (x 71B)
Class com.android.tools.idea.gradle.model.IdeUnresolvedArtifactLibrary                : loaded 3 times (x 70B)
Class com.android.tools.idea.gradle.project.sync.SyncProjectActionWorker$populateAndroidModels$3$1: loaded 3 times (x 129B)
Class com.android.tools.idea.gradle.project.sync.IdeAndroidModels                     : loaded 3 times (x 72B)
Class com.android.tools.idea.gradle.project.sync.VariantSelectionChange$Companion     : loaded 3 times (x 71B)
Class com.android.tools.idea.gradle.project.sync.VariantNameResolutionKt              : loaded 3 times (x 71B)
Class com.android.tools.idea.gradle.model.IdeLibrary                                  : loaded 3 times (x 70B)
Class com.android.tools.idea.gradle.model.IdeSigningConfig                            : loaded 3 times (x 70B)
Class org.gradle.tooling.internal.consumer.converters.IdeaProjectJavaLanguageSettingsMixin: loaded 3 times (x 73B)
Class com.android.tools.idea.gradle.project.sync.BuildInfo                            : loaded 3 times (x 72B)
Class com.android.builder.model.v2.models.TestApkTestSuiteSource                      : loaded 3 times (x 70B)
Class com.android.tools.idea.gradle.project.sync.ModelCacheV2ImplKt                   : loaded 3 times (x 71B)
Class com.google.common.collect.SortedMapDifference                                   : loaded 2 times (x 70B)
Class [Lcom.google.common.io.FileWriteMode;                                           : loaded 2 times (x 69B)
Class [Lcom.google.common.collect.MapMakerInternalMap$Strength;                       : loaded 2 times (x 69B)
Class com.google.common.collect.Maps$AbstractFilteredMap                              : loaded 2 times (x 127B)
Class com.google.common.cache.RemovalCause$5                                          : loaded 2 times (x 80B)
Class com.google.common.collect.CollectPreconditions                                  : loaded 2 times (x 71B)
Class com.google.common.base.Suppliers$MemoizingSupplier                              : loaded 2 times (x 79B)
Class org.apache.commons.io.StandardLineSeparator                                     : loaded 2 times (x 79B)
Class com.google.common.io.CharSource$EmptyCharSource                                 : loaded 2 times (x 86B)
Class org.jetbrains.kotlin.com.google.common.collect.ImmutableAsList                  : loaded 2 times (x 209B)
Class com.google.common.collect.Iterables$4                                           : loaded 2 times (x 81B)
Class com.google.common.collect.MapMakerInternalMap$StrongKeyDummyValueSegment        : loaded 2 times (x 142B)
Class com.google.common.io.Files                                                      : loaded 2 times (x 71B)
Class org.jetbrains.kotlin.cli.common.arguments.CommonCompilerArguments               : loaded 2 times (x 75B)
Class com.google.common.cache.LocalCache$WriteThroughEntry                            : loaded 2 times (x 79B)
Class com.google.common.cache.LocalCache$HashIterator                                 : loaded 2 times (x 86B)
Class com.google.common.cache.LocalCache$EntryFactory                                 : loaded 2 times (x 83B)
Class com.google.common.cache.RemovalCause$4                                          : loaded 2 times (x 80B)
Class jdk.internal.jimage.ImageStrings                                                : loaded 2 times (x 70B)
Class com.google.common.collect.ImmutableEntry                                        : loaded 2 times (x 82B)
Class [Lcom.google.common.collect.AbstractMapEntry;                                   : loaded 2 times (x 69B)
Class com.google.common.cache.CacheBuilder$3                                          : loaded 2 times (x 72B)
Class com.google.common.collect.ArrayListMultimap                                     : loaded 2 times (x 172B)
Class org.jetbrains.kotlin.cli.common.arguments.K2JVMCompilerArguments                : loaded 2 times (x 76B)
Class com.google.common.cache.RemovalCause$3                                          : loaded 2 times (x 80B)
Class com.google.common.cache.CacheBuilder$2                                          : loaded 2 times (x 79B)
Class com.google.common.cache.LocalCache                                              : loaded 2 times (x 187B)
Class ijInit1_clv7ado5kfdxvxbav0oojannu$_run_closure1                                 : loaded 2 times (x 140B)
Class com.google.common.collect.MapMakerInternalMap$WeakValueReference                : loaded 2 times (x 70B)
Class org.jetbrains.kotlin.com.google.common.collect.ImmutableSet                     : loaded 2 times (x 145B)
Class com.google.common.cache.RemovalCause$2                                          : loaded 2 times (x 80B)
Class org.gradle.internal.classpath.DefaultClassPath$ImmutableUniqueList$Builder      : loaded 2 times (x 75B)
Class com.google.common.collect.ImmutableMap                                          : loaded 2 times (x 120B)
Class com.google.common.cache.CacheBuilder$1                                          : loaded 2 times (x 85B)
Class [Lcom.google.common.cache.LocalCache$Strength;                                  : loaded 2 times (x 69B)
Class [Lcom.google.common.cache.LocalCache$Segment;                                   : loaded 2 times (x 69B)
Class com.google.common.cache.RemovalCause$1                                          : loaded 2 times (x 80B)
Class com.google.common.base.Ticker                                                   : loaded 2 times (x 72B)
Class com.google.common.collect.Iterables$5                                           : loaded 2 times (x 81B)
Class [Lcom.google.common.collect.MapMaker$Dummy;                                     : loaded 2 times (x 69B)
Class com.google.common.base.CharMatcher$Whitespace                                   : loaded 2 times (x 112B)
Class com.google.common.reflect.Types$NativeTypeVariableEquals                        : loaded 2 times (x 71B)
Class com.google.common.reflect.TypeParameter                                         : loaded 2 times (x 72B)
Class org.jetbrains.kotlin.cli.common.arguments.CommonCompilerArgumentsConfigurator   : loaded 2 times (x 74B)
Class com.google.common.cache.LocalCache$AbstractReferenceEntry                       : loaded 2 times (x 107B)
Class org.objectweb.asm.Handler                                                       : loaded 2 times (x 72B)
Class com.google.common.collect.Sets                                                  : loaded 2 times (x 71B)
Class com.google.common.base.Strings                                                  : loaded 2 times (x 71B)
Class com.google.common.collect.HashBiMap                                             : loaded 2 times (x 143B)
Class com.google.common.collect.MapMakerInternalMap                                   : loaded 2 times (x 161B)
Class jdk.internal.jimage.decompressor.ZipDecompressor                                : loaded 2 times (x 75B)
Class com.google.common.collect.ImmutableList$SerializedForm                          : loaded 2 times (x 73B)
Class com.google.common.io.CharSource$AsByteSource                                    : loaded 2 times (x 85B)
Class org.apache.commons.io.file.PathVisitor                                          : loaded 2 times (x 70B)
Class org.gradle.internal.classloader.VisitableURLClassLoader                         : loaded 2 times (x 117B)
Class com.google.common.base.Supplier                                                 : loaded 2 times (x 70B)
Class org.objectweb.asm.Attribute                                                     : loaded 2 times (x 77B)
Class org.gradle.api.internal.classpath.Module$ModuleAlias                            : loaded 2 times (x 70B)
Class com.google.common.util.concurrent.AbstractFuture$Listener                       : loaded 2 times (x 72B)
Class org.objectweb.asm.RecordComponentWriter                                         : loaded 2 times (x 78B)
Class com.google.common.collect.ImmutableMultisetGwtSerializationDependencies         : loaded 2 times (x 125B)
Class com.google.common.io.LineProcessor                                              : loaded 2 times (x 70B)
Class com.google.common.io.Closer$Suppressor                                          : loaded 2 times (x 70B)
Class com.google.common.collect.Interners                                             : loaded 2 times (x 71B)
Class org.jetbrains.kotlin.com.google.common.collect.SingletonImmutableSet            : loaded 2 times (x 146B)
Class org.apache.commons.io.filefilter.TrueFileFilter                                 : loaded 2 times (x 99B)
Class com.google.common.collect.ImmutableMapKeySet                                    : loaded 2 times (x 152B)
Class org.objectweb.asm.SymbolTable                                                   : loaded 2 times (x 72B)
Class com.google.common.cache.CacheLoader$InvalidCacheLoadException                   : loaded 2 times (x 82B)
Class com.google.common.cache.CacheStats                                              : loaded 2 times (x 71B)
Class org.objectweb.asm.AnnotationWriter                                              : loaded 2 times (x 79B)
Class com.google.common.io.ByteSource$EmptyByteSource                                 : loaded 2 times (x 85B)
Class org.gradle.internal.classloader.ClassLoaderSpec                                 : loaded 2 times (x 71B)
Class com.google.common.collect.RegularImmutableMap$Values                            : loaded 2 times (x 207B)
Class com.google.common.io.Closer                                                     : loaded 2 times (x 78B)
Class com.google.common.io.Java8Compatibility                                         : loaded 2 times (x 71B)
Class com.google.common.collect.Sets$FilteredSet                                      : loaded 2 times (x 137B)
Class org.objectweb.asm.Symbol                                                        : loaded 2 times (x 73B)
Class com.google.common.reflect.Types$ClassOwnership                                  : loaded 2 times (x 80B)
Class com.google.common.base.AbstractIterator                                         : loaded 2 times (x 80B)
Class jdk.internal.jimage.decompressor.ZipDecompressorFactory                         : loaded 2 times (x 74B)
Class org.gradle.internal.classpath.DefaultClassPath                                  : loaded 2 times (x 90B)
Class org.gradle.internal.classloader.VisitableURLClassLoader$Spec                    : loaded 2 times (x 74B)
Class [Lcom.google.common.cache.CacheBuilder$NullListener;                            : loaded 2 times (x 69B)
Class com.google.common.collect.FluentIterable                                        : loaded 2 times (x 81B)
Class com.google.common.cache.LocalCache$StrongEntry                                  : loaded 2 times (x 108B)
Class com.google.common.util.concurrent.AbstractFuture$TrustedFuture                  : loaded 2 times (x 114B)
Class com.google.common.cache.LoadingCache                                            : loaded 2 times (x 70B)
Class org.objectweb.asm.ByteVector                                                    : loaded 2 times (x 79B)
Class com.google.common.math.IntMath$1                                                : loaded 2 times (x 71B)
Class com.google.common.io.Files$FileByteSink                                         : loaded 2 times (x 77B)
Class com.google.common.collect.MapMakerInternalMap$StrongKeyDummyValueEntry$Helper   : loaded 2 times (x 79B)
Class org.apache.commons.io.FileUtils                                                 : loaded 2 times (x 71B)
Class org.apache.commons.io.file.Counters                                             : loaded 2 times (x 71B)
Class org.gradle.internal.classloader.VisitableURLClassLoader$InstrumentingVisitableURLClassLoader: loaded 2 times (x 123B)
Class org.objectweb.asm.Type                                                          : loaded 2 times (x 72B)
Class com.google.common.graph.SuccessorsFunction                                      : loaded 2 times (x 70B)
Class com.google.common.cache.LocalCache$StrongValueReference                         : loaded 2 times (x 90B)
Class com.google.common.collect.Sets$SetView                                          : loaded 2 times (x 138B)
Class [Lcom.google.common.collect.Iterators$EmptyModifiableIterator;                  : loaded 2 times (x 69B)
Class org.jetbrains.kotlin.com.google.common.base.Function                            : loaded 2 times (x 70B)
Class com.google.common.base.Predicates$CompositionPredicate                          : loaded 2 times (x 88B)
Class com.google.common.collect.Maps$8                                                : loaded 2 times (x 82B)
Class [Lorg.objectweb.asm.AnnotationWriter;                                           : loaded 2 times (x 69B)
Class com.google.common.collect.AbstractMapBasedMultimap$WrappedList                  : loaded 2 times (x 205B)
Class jdk.internal.jimage.ImageReader$Directory                                       : loaded 2 times (x 84B)
Class com.google.common.base.Platform                                                 : loaded 2 times (x 71B)
Class com.google.common.reflect.Invokable$MethodInvokable                             : loaded 2 times (x 107B)
Class com.google.common.collect.AbstractMapBasedMultimap$AsMap                        : loaded 2 times (x 128B)
Class com.google.common.collect.MapMakerInternalMap$StrongKeyDummyValueEntry          : loaded 2 times (x 82B)
Class com.google.common.collect.CollectSpliterators                                   : loaded 2 times (x 71B)
Class jdk.internal.jrtfs.JrtFileSystem                                                : loaded 2 times (x 102B)
Class com.google.common.io.ByteStreams$LimitedInputStream                             : loaded 2 times (x 92B)
Class com.google.common.base.Suppliers$NonSerializableMemoizingSupplier               : loaded 2 times (x 79B)
Class org.objectweb.asm.MethodWriter                                                  : loaded 2 times (x 106B)
Class [Lcom.google.common.cache.Weigher;                                              : loaded 2 times (x 69B)
Class com.google.common.collect.RegularImmutableMap$BucketOverflowException           : loaded 2 times (x 82B)
Class com.google.common.io.LineReader$1                                               : loaded 2 times (x 75B)
Class org.apache.commons.io.filefilter.AndFileFilter                                  : loaded 2 times (x 132B)
Class jdk.internal.jimage.decompressor.ResourceDecompressorRepository                 : loaded 2 times (x 71B)
Class com.google.common.cache.LocalCache$LoadingValueReference                        : loaded 2 times (x 96B)
Class [Lcom.google.common.collect.ImmutableEntry;                                     : loaded 2 times (x 69B)
Class com.google.common.reflect.Types$JavaVersion                                     : loaded 2 times (x 83B)
Class com.google.common.collect.MapMaker                                              : loaded 2 times (x 72B)
Class org.apache.commons.io.file.PathFilter                                           : loaded 2 times (x 70B)
Class org.jetbrains.kotlin.com.google.common.collect.ImmutableSet$SetBuilderImpl      : loaded 2 times (x 76B)
Class org.jetbrains.kotlin.com.google.common.collect.Iterators                        : loaded 2 times (x 71B)
Class org.gradle.api.specs.Spec                                                       : loaded 2 times (x 70B)
Class com.google.common.collect.Maps                                                  : loaded 2 times (x 71B)
Class com.google.common.util.concurrent.LazyLogger                                    : loaded 2 times (x 72B)
Class com.google.common.collect.AbstractMapBasedMultimap$WrappedSet                   : loaded 2 times (x 142B)
Class com.google.common.io.CharSource                                                 : loaded 2 times (x 85B)
Class com.google.common.util.concurrent.Uninterruptibles                              : loaded 2 times (x 71B)
Class jdk.internal.jimage.decompressor.CompressedResourceHeader                       : loaded 2 times (x 71B)
Class org.jetbrains.kotlin.com.google.common.collect.UnmodifiableListIterator         : loaded 2 times (x 95B)
Class com.google.common.collect.AbstractMapBasedMultimap$RandomAccessWrappedList      : loaded 2 times (x 205B)
Class org.jetbrains.kotlin.cli.common.CompilerSystemProperties$Companion              : loaded 2 times (x 71B)
Class com.google.common.collect.ImmutableMultimap$1                                   : loaded 2 times (x 82B)
Class org.gradle.internal.classloader.ClasspathUtil                                   : loaded 2 times (x 71B)
Class com.google.common.reflect.Types$ClassOwnership$1LocalClass                      : loaded 2 times (x 71B)
Class com.google.common.collect.Maps$EntryFunction                                    : loaded 2 times (x 91B)
Class jdk.internal.jrtfs.JrtPath                                                      : loaded 2 times (x 118B)
Class jdk.internal.jimage.ImageBufferCache                                            : loaded 2 times (x 71B)
Class com.google.common.cache.CacheBuilder$OneWeigher                                 : loaded 2 times (x 82B)
Class com.google.common.collect.IndexedImmutableSet$1                                 : loaded 2 times (x 213B)
Class [Lorg.jetbrains.kotlin.cli.common.CompilerSystemProperties;                     : loaded 2 times (x 69B)
Class org.apache.commons.io.output.AbstractByteArrayOutputStream                      : loaded 2 times (x 102B)
Class com.google.common.collect.ImmutableMapEntry$NonTerminalImmutableMapEntry        : loaded 2 times (x 85B)
Class com.google.common.base.Equivalence                                              : loaded 2 times (x 82B)
Class com.google.common.collect.ImmutableMultimap                                     : loaded 2 times (x 147B)
Class com.google.common.base.Predicates                                               : loaded 2 times (x 71B)
Class com.google.common.collect.ImmutableMapEntry                                     : loaded 2 times (x 85B)
Class [Lcom.google.common.collect.HashBiMap$BiEntry;                                  : loaded 2 times (x 69B)
Class com.google.common.reflect.Types$TypeVariableInvocationHandler                   : loaded 2 times (x 75B)
Class com.google.common.collect.MapMakerInternalMap$InternalEntry                     : loaded 2 times (x 70B)
Class org.jetbrains.kotlin.com.google.common.collect.Iterators$SingletonIterator      : loaded 2 times (x 81B)
Class com.google.common.collect.AbstractIterator$State                                : loaded 2 times (x 79B)
Class com.google.common.reflect.Types$JavaVersion$1                                   : loaded 2 times (x 83B)
Class com.google.common.collect.ImmutableMultimap$2                                   : loaded 2 times (x 81B)
Class com.google.common.collect.RegularImmutableBiMap                                 : loaded 2 times (x 149B)
Class com.google.common.cache.LocalCache$ValueReference                               : loaded 2 times (x 70B)
Class org.apache.commons.io.file.Counters$AbstractPathCounters                        : loaded 2 times (x 82B)
Class com.google.common.math.IntMath                                                  : loaded 2 times (x 71B)
Class com.google.common.collect.AbstractMapBasedMultimap$KeySet                       : loaded 2 times (x 137B)
Class com.google.common.collect.Streams                                               : loaded 2 times (x 71B)
Class org.apache.commons.io.filefilter.ConditionalFileFilter                          : loaded 2 times (x 70B)
Class org.gradle.internal.service.CachingServiceLocator                               : loaded 2 times (x 82B)
Class com.google.common.cache.LocalCache$LocalManualCache                             : loaded 2 times (x 99B)
Class com.google.common.base.CommonPattern                                            : loaded 2 times (x 74B)
Class org.apache.commons.io.CloseableURLConnection                                    : loaded 2 times (x 116B)
Class com.google.common.collect.ImmutableMap$SerializedForm                           : loaded 2 times (x 73B)
Class org.apache.commons.io.function.IOBiFunction                                     : loaded 2 times (x 70B)
Class org.gradle.internal.classloader.ClassLoaderFactory                              : loaded 2 times (x 70B)
Class [Lcom.google.common.cache.LocalCache$EntryFactory;                              : loaded 2 times (x 69B)
Class org.gradle.internal.service.ServiceLookupException                              : loaded 2 times (x 82B)
Class com.google.common.collect.Maps$EntryTransformer                                 : loaded 2 times (x 70B)
Class com.google.common.reflect.Types$JavaVersion$2                                   : loaded 2 times (x 83B)
Class com.google.common.reflect.Types                                                 : loaded 2 times (x 71B)
Class com.google.common.hash.PrimitiveSink                                            : loaded 2 times (x 70B)
Class org.jetbrains.kotlin.cli.common.arguments.CommonToolArguments                   : loaded 2 times (x 73B)
Class com.google.common.base.PatternCompiler                                          : loaded 2 times (x 70B)
Class com.google.common.util.concurrent.AbstractFuture$Failure                        : loaded 2 times (x 72B)
Class com.google.common.base.Equivalence$Equals                                       : loaded 2 times (x 82B)
Class com.google.common.collect.Hashing                                               : loaded 2 times (x 71B)
Class com.google.common.reflect.TypeResolver$TypeTable$1                              : loaded 2 times (x 73B)
Class org.jetbrains.kotlin.cli.common.CompilerSystemProperties$value$1                : loaded 2 times (x 125B)
Class jdk.internal.jimage.decompressor.Decompressor                                   : loaded 2 times (x 72B)
Class com.google.common.cache.CacheLoader$SupplierToCacheLoader                       : loaded 2 times (x 75B)
Class org.objectweb.asm.RecordComponentVisitor                                        : loaded 2 times (x 77B)
Class com.google.common.collect.ImmutableMultiset                                     : loaded 2 times (x 163B)
Class com.google.common.reflect.TypeResolver$TypeTable                                : loaded 2 times (x 73B)
Class com.google.common.io.CharStreams                                                : loaded 2 times (x 71B)
Class com.google.common.base.FunctionalEquivalence                                    : loaded 2 times (x 83B)
Class com.google.common.util.concurrent.AbstractFuture                                : loaded 2 times (x 106B)
Class com.google.common.collect.AbstractMapBasedMultimap                              : loaded 2 times (x 139B)
Class com.google.common.base.Converter                                                : loaded 2 times (x 90B)
Class com.google.common.cache.ReferenceEntry                                          : loaded 2 times (x 70B)
Class com.google.common.util.concurrent.ListenableFuture                              : loaded 2 times (x 70B)
Class org.jetbrains.kotlin.com.google.common.collect.ImmutableCollection              : loaded 2 times (x 125B)
Class jdk.internal.jimage.BasicImageReader$1                                          : loaded 2 times (x 77B)
Class org.gradle.api.internal.classpath.DefaultModuleRegistry                         : loaded 2 times (x 84B)
Class org.jetbrains.kotlin.com.google.common.collect.UnmodifiableIterator             : loaded 2 times (x 80B)
Class jdk.internal.jimage.ImageReader$Node                                            : loaded 2 times (x 84B)
Class com.google.common.cache.LocalCache$LocalManualCache$1                           : loaded 2 times (x 75B)
Class com.google.common.collect.HashBiMap$Inverse                                     : loaded 2 times (x 142B)
Class com.google.common.collect.ImmutableMultimap$Values                              : loaded 2 times (x 126B)
Class com.google.common.collect.Iterators$6                                           : loaded 2 times (x 81B)
Class com.google.common.util.concurrent.internal.InternalFutureFailureAccess          : loaded 2 times (x 72B)
Class com.google.common.collect.ImmutableSet$JdkBackedSetBuilderImpl                  : loaded 2 times (x 76B)
Class com.google.common.collect.ImmutableSetMultimap                                  : loaded 2 times (x 180B)
Class [Lorg.apache.commons.io.file.DeleteOption;                                      : loaded 2 times (x 69B)
Class com.google.common.io.CharSink                                                   : loaded 2 times (x 79B)
Class com.google.common.reflect.Types$JavaVersion$3                                   : loaded 2 times (x 83B)
Class org.objectweb.asm.Label                                                         : loaded 2 times (x 73B)
Class org.objectweb.asm.CurrentFrame                                                  : loaded 2 times (x 73B)
Class org.objectweb.asm.ClassTooLargeException                                        : loaded 2 times (x 83B)
Class com.google.common.base.Splitter$SplittingIterator                               : loaded 2 times (x 84B)
Class org.apache.commons.io.output.NullWriter                                         : loaded 2 times (x 99B)
Class jdk.internal.jimage.decompressor.ResourceDecompressorFactory                    : loaded 2 times (x 74B)
Class org.gradle.internal.installation.GradleInstallation$1                           : loaded 2 times (x 75B)
Class org.gradle.api.internal.classpath.ModuleRegistry                                : loaded 2 times (x 70B)
Class com.google.common.collect.ImmutableBiMap                                        : loaded 2 times (x 143B)
Class com.google.common.cache.CacheLoader                                             : loaded 2 times (x 74B)
Class [Lorg.objectweb.asm.SymbolTable$Entry;                                          : loaded 2 times (x 69B)
Class com.google.common.collect.AbstractListMultimap                                  : loaded 2 times (x 172B)
Class [Lcom.google.common.base.Supplier;                                              : loaded 2 times (x 69B)
Class jdk.internal.jimage.ImageReader$SharedImageReader                               : loaded 2 times (x 95B)
Class com.google.common.cache.LocalCache$Segment                                      : loaded 2 times (x 154B)
Class com.google.common.reflect.TypeToken$2                                           : loaded 2 times (x 110B)
Class com.google.common.collect.AbstractMapBasedMultimap$AsMap$AsMapEntries           : loaded 2 times (x 138B)
Class [Lorg.jetbrains.kotlin.cli.common.messages.CompilerMessageSeverity;             : loaded 2 times (x 69B)
Class jdk.internal.jimage.ImageReader                                                 : loaded 2 times (x 75B)
Class com.google.common.collect.ImmutableMap$IteratorBasedImmutableMap                : loaded 2 times (x 126B)
Class com.google.common.cache.LocalCache$ComputingValueReference                      : loaded 2 times (x 96B)
Class com.google.common.reflect.TypeToken$1                                           : loaded 2 times (x 110B)
Class com.google.common.collect.RangeGwtSerializationDependencies                     : loaded 2 times (x 71B)
Class com.google.common.io.ByteSource$AsCharSource                                    : loaded 2 times (x 86B)
Class org.jetbrains.kotlin.cli.common.messages.MessageCollector$Companion$NONE$1      : loaded 2 times (x 76B)
Class com.google.common.collect.MapMakerInternalMap$InternalEntryHelper               : loaded 2 times (x 70B)
Class com.google.common.collect.Table                                                 : loaded 2 times (x 70B)
Class com.google.common.reflect.Types$JavaVersion$4                                   : loaded 2 times (x 83B)
Class com.google.common.collect.Maps$IteratorBasedAbstractMap                         : loaded 2 times (x 125B)
Class org.objectweb.asm.Frame                                                         : loaded 2 times (x 73B)
Class org.objectweb.asm.MethodVisitor                                                 : loaded 2 times (x 105B)
Class com.google.common.cache.LocalCache$EntryFactory$1                               : loaded 2 times (x 83B)
Class [Lcom.google.common.cache.RemovalListener;                                      : loaded 2 times (x 69B)
Class com.google.common.base.Suppliers$SupplierOfInstance                             : loaded 2 times (x 79B)
Class org.objectweb.asm.Edge                                                          : loaded 2 times (x 72B)
Class jdk.internal.jimage.ImageStringsReader                                          : loaded 2 times (x 80B)
Class org.gradle.api.internal.classpath.DefaultModuleRegistry$DefaultModuleAlias      : loaded 2 times (x 80B)
Class org.objectweb.asm.SymbolTable$Entry                                             : loaded 2 times (x 74B)
Class org.jetbrains.kotlin.cli.common.arguments.Freezable                             : loaded 2 times (x 72B)
Class com.google.errorprone.annotations.DoNotMock                                     : loaded 2 times (x 70B)
Class com.google.common.io.CharStreams$NullWriter                                     : loaded 2 times (x 99B)
Class com.google.common.io.CharSource$CharSequenceCharSource                          : loaded 2 times (x 86B)
Class com.google.common.base.JdkPattern                                               : loaded 2 times (x 75B)
Class [Lcom.google.common.reflect.Types$JavaVersion;                                  : loaded 2 times (x 69B)
Class com.google.common.io.Files$FileByteSource                                       : loaded 2 times (x 85B)
Class com.google.common.collect.Interners$InternerBuilder                             : loaded 2 times (x 76B)
Class com.google.common.cache.LocalCache$WeakValueReference                           : loaded 2 times (x 97B)
Class com.google.common.reflect.Types$JavaVersion$5                                   : loaded 2 times (x 71B)
Class [Lcom.google.common.reflect.Types$ClassOwnership;                               : loaded 2 times (x 69B)
Class com.google.common.cache.LocalCache$EntryFactory$2                               : loaded 2 times (x 83B)
Class org.gradle.internal.classpath.ClassPath                                         : loaded 2 times (x 70B)
Class com.google.common.cache.CacheBuilder                                            : loaded 2 times (x 72B)
Class org.jetbrains.kotlin.cli.common.arguments.K2JVMCompilerArgumentsConfigurator    : loaded 2 times (x 74B)
Class com.google.common.io.ByteSink                                                   : loaded 2 times (x 76B)
Class com.google.common.cache.RemovalCause                                            : loaded 2 times (x 80B)
Class com.google.common.reflect.TypeToken                                             : loaded 2 times (x 73B)
Class com.google.common.collect.MapMakerInternalMap$Segment                           : loaded 2 times (x 142B)
Class org.apache.commons.io.IOUtils                                                   : loaded 2 times (x 71B)
Class jdk.internal.jimage.decompressor.ResourceDecompressor                           : loaded 2 times (x 70B)
Class org.gradle.api.internal.ClassPathRegistry                                       : loaded 2 times (x 70B)
Class org.gradle.internal.classpath.DefaultClassPath$ImmutableUniqueList              : loaded 2 times (x 199B)
Class com.google.common.primitives.IntsMethodsForWeb                                  : loaded 2 times (x 71B)
Class com.google.common.collect.ImmutableMultimap$Keys                                : loaded 2 times (x 166B)
Class com.google.common.reflect.Invokable$ConstructorInvokable                        : loaded 2 times (x 107B)
Class org.jetbrains.kotlin.cli.common.messages.MessageCollector                       : loaded 2 times (x 70B)
Class org.apache.commons.io.file.DeleteOption                                         : loaded 2 times (x 70B)
Class com.google.common.collect.Maps$EntryFunction$2                                  : loaded 2 times (x 91B)
Class org.gradle.api.internal.DefaultClassPathRegistry                                : loaded 2 times (x 76B)
Class com.google.common.cache.RemovalListener                                         : loaded 2 times (x 70B)
Class org.jetbrains.kotlin.com.google.common.collect.AbstractIndexedListIterator      : loaded 2 times (x 96B)
Class com.google.common.collect.CollectCollectors                                     : loaded 2 times (x 71B)
Class org.objectweb.asm.ModuleWriter                                                  : loaded 2 times (x 82B)
Class com.google.common.cache.LocalCache$EntryFactory$3                               : loaded 2 times (x 83B)
Class com.google.common.base.Ticker$1                                                 : loaded 2 times (x 72B)
Class com.google.common.collect.Maps$BiMapConverter                                   : loaded 2 times (x 90B)
Class com.google.common.collect.ImmutableMapEntrySet$RegularEntrySet                  : loaded 2 times (x 152B)
Class Settings_gradle$1$1$1                                                           : loaded 2 times (x 74B)
Class com.google.common.collect.AbstractMapBasedMultimap$AsMap$AsMapIterator          : loaded 2 times (x 83B)
Class com.google.common.collect.AbstractMapBasedMultimap$WrappedCollection$WrappedIterator: loaded 2 times (x 84B)
Class com.google.common.base.Present                                                  : loaded 2 times (x 81B)
Class com.google.common.collect.Maps$EntryFunction$1                                  : loaded 2 times (x 91B)
Class com.google.common.collect.ImmutableMap$Builder                                  : loaded 2 times (x 82B)
Class com.google.common.util.concurrent.AbstractFuture$Cancellation                   : loaded 2 times (x 72B)
Class com.google.common.base.NullnessCasts                                            : loaded 2 times (x 71B)
Class com.google.common.io.AppendableWriter                                           : loaded 2 times (x 100B)
Class org.apache.commons.io.filefilter.IOFileFilter                                   : loaded 2 times (x 70B)
Class org.jetbrains.kotlin.com.google.common.collect.Iterators$9                      : loaded 2 times (x 81B)
Class com.google.common.cache.Cache                                                   : loaded 2 times (x 70B)
Class com.google.common.cache.LocalCache$Strength                                     : loaded 2 times (x 81B)
Class com.google.common.base.Stopwatch                                                : loaded 2 times (x 72B)
Class org.apache.commons.io.Charsets                                                  : loaded 2 times (x 71B)
Class org.apache.commons.io.file.Counters$PathCounters                                : loaded 2 times (x 70B)
Class jdk.internal.jimage.ImageHeader                                                 : loaded 2 times (x 71B)
Class org.gradle.api.internal.classpath.UnknownModuleException                        : loaded 2 times (x 82B)
Class com.google.common.cache.Weigher                                                 : loaded 2 times (x 70B)
Class org.gradle.api.internal.classpath.Module                                        : loaded 2 times (x 70B)
Class com.google.common.collect.ImmutableMapEntrySet                                  : loaded 2 times (x 152B)
Class org.apache.commons.io.output.NullOutputStream                                   : loaded 2 times (x 85B)
Class com.google.common.collect.CollectSpliterators$1                                 : loaded 2 times (x 90B)
Class com.google.common.collect.SetMultimap                                           : loaded 2 times (x 70B)
Class com.google.common.collect.ImmutableSet$Builder                                  : loaded 2 times (x 85B)
Class com.google.common.cache.LocalCache$EntryFactory$4                               : loaded 2 times (x 83B)
Class org.jetbrains.kotlin.com.google.common.collect.ImmutableSet$CachingAsList       : loaded 2 times (x 148B)
Class com.google.common.collect.ArrayListMultimapGwtSerializationDependencies         : loaded 2 times (x 172B)
Class com.google.common.collect.Multiset                                              : loaded 2 times (x 70B)
Class com.google.common.math.MathPreconditions                                        : loaded 2 times (x 71B)
Class com.google.common.collect.ObjectArrays                                          : loaded 2 times (x 71B)
Class com.google.common.collect.FluentIterable$3                                      : loaded 2 times (x 81B)
Class org.apache.commons.io.file.CountingPathVisitor                                  : loaded 2 times (x 91B)
Class org.jetbrains.kotlin.com.google.common.collect.Iterators$5                      : loaded 2 times (x 82B)
Class com.google.common.primitives.Ints                                               : loaded 2 times (x 71B)
Class com.google.common.reflect.Reflection                                            : loaded 2 times (x 71B)
Class com.google.common.collect.FluentIterable$2                                      : loaded 2 times (x 81B)
Class com.google.common.base.Absent                                                   : loaded 2 times (x 80B)
Class org.jetbrains.kotlin.com.google.common.collect.Iterators$4                      : loaded 2 times (x 82B)
Class org.gradle.api.internal.classpath.DefaultModuleRegistry$DefaultModule           : loaded 2 times (x 82B)
Class com.google.common.collect.BiMap                                                 : loaded 2 times (x 70B)
Class com.google.common.collect.ImmutableMap$1                                        : loaded 2 times (x 81B)
Class com.google.common.collect.IndexedImmutableSet                                   : loaded 2 times (x 152B)
Class org.objectweb.asm.FieldVisitor                                                  : loaded 2 times (x 77B)
Class com.google.common.collect.FluentIterable$1                                      : loaded 2 times (x 81B)
Class com.google.common.io.ByteStreams$1                                              : loaded 2 times (x 85B)
Class com.google.common.cache.LocalCache$EntryFactory$5                               : loaded 2 times (x 83B)
Class jdk.internal.jimage.ImageBufferCache$2                                          : loaded 2 times (x 91B)
Class ijInit1_clv7ado5kfdxvxbav0oojannu                                               : loaded 2 times (x 171B)
Class com.google.common.cache.CacheLoader$UnsupportedLoadingOperationException        : loaded 2 times (x 82B)
Class org.objectweb.asm.ClassWriter                                                   : loaded 2 times (x 106B)
Class com.google.common.collect.AbstractMapBasedMultimap$KeySet$1                     : loaded 2 times (x 82B)
Class com.google.common.collect.HashMultimapGwtSerializationDependencies              : loaded 2 times (x 174B)
Class jdk.internal.jimage.ImageBufferCache$1                                          : loaded 2 times (x 83B)
Class org.jetbrains.kotlin.com.google.common.collect.Iterators$1                      : loaded 2 times (x 81B)
Class com.google.common.util.concurrent.UncheckedExecutionException                   : loaded 2 times (x 82B)
Class com.google.common.io.ByteSink$AsCharSink                                        : loaded 2 times (x 80B)
Class jdk.internal.jimage.ImageLocation                                               : loaded 2 times (x 90B)
Class com.google.common.util.concurrent.AbstractFuture$Trusted                        : loaded 2 times (x 70B)
Class com.google.common.base.Optional                                                 : loaded 2 times (x 80B)
Class org.jetbrains.kotlin.cli.common.messages.MessageCollector$Companion             : loaded 2 times (x 71B)
Class org.jetbrains.kotlin.com.google.common.collect.Iterators$MergingIterator        : loaded 2 times (x 81B)
Class com.google.common.cache.LocalCache$2                                            : loaded 2 times (x 142B)
Class org.apache.commons.io.output.AppendableWriter                                   : loaded 2 times (x 100B)
Class com.google.common.collect.HashMultimap                                          : loaded 2 times (x 174B)
Class com.google.common.cache.LocalCache$EntryFactory$6                               : loaded 2 times (x 83B)
Class org.gradle.internal.installation.CurrentGradleInstallationLocator               : loaded 2 times (x 71B)
Class com.google.common.collect.AbstractMultimap                                      : loaded 2 times (x 123B)
Class com.google.common.collect.Sets$ImprovedAbstractSet                              : loaded 2 times (x 135B)
Class com.google.common.reflect.TypeToken$SimpleTypeToken                             : loaded 2 times (x 73B)
Class com.google.common.collect.MapMakerInternalMap$AbstractStrongKeyEntry            : loaded 2 times (x 80B)
Class sync_studio_tooling930_4elyf6uuu8p0yp2bwe5ady7xw                                : loaded 2 times (x 171B)
Class com.google.common.collect.AbstractSetMultimap                                   : loaded 2 times (x 174B)
Class com.google.common.io.ByteSource$ByteArrayByteSource                             : loaded 2 times (x 85B)
Class com.google.common.io.CharSource$StringCharSource                                : loaded 2 times (x 86B)
Class org.apache.commons.io.function.IOSupplier                                       : loaded 2 times (x 70B)
Class org.jetbrains.kotlin.com.google.common.collect.RegularImmutableAsList           : loaded 2 times (x 217B)
Class com.google.common.collect.AbstractMapEntry                                      : loaded 2 times (x 81B)
Class com.google.common.cache.LocalCache$1                                            : loaded 2 times (x 89B)
Class com.google.common.collect.SingletonImmutableBiMap                               : loaded 2 times (x 143B)
Class com.google.common.base.Ascii                                                    : loaded 2 times (x 71B)
Class com.google.common.collect.HashBiMap$BiEntry                                     : loaded 2 times (x 83B)
Class org.apache.commons.io.FileExistsException                                       : loaded 2 times (x 82B)
Class org.apache.commons.io.file.SimplePathVisitor                                    : loaded 2 times (x 85B)
Class com.google.common.io.ByteSource$SlicedByteSource                                : loaded 2 times (x 85B)
Class org.apache.commons.io.output.ThresholdingOutputStream                           : loaded 2 times (x 95B)
Class org.jetbrains.kotlin.cli.common.messages.CompilerMessageSeverity$Companion      : loaded 2 times (x 71B)
Class com.google.common.collect.ImmutableMultimap$Builder                             : loaded 2 times (x 86B)
Class com.google.common.collect.Maps$KeySet                                           : loaded 2 times (x 137B)
Class com.google.common.collect.ImmutableSet$EmptySetBuilderImpl                      : loaded 2 times (x 76B)
Class com.google.common.cache.LocalCache$EntryFactory$7                               : loaded 2 times (x 83B)
Class org.gradle.internal.service.DefaultServiceLocator                               : loaded 2 times (x 83B)
Class jdk.internal.jrtfs.JrtFileSystemProvider                                        : loaded 2 times (x 101B)
Class Settings_gradle$1$1$1$1                                                         : loaded 2 times (x 74B)
Class org.gradle.internal.service.ServiceLocator                                      : loaded 2 times (x 70B)
Class [Lorg.objectweb.asm.Type;                                                       : loaded 2 times (x 69B)
Class com.google.common.collect.Platform                                              : loaded 2 times (x 71B)
Class org.jetbrains.kotlin.com.google.common.collect.ImmutableList                    : loaded 2 times (x 206B)
Class sync_studio_tooling930_4elyf6uuu8p0yp2bwe5ady7xw$_run_closure1                  : loaded 2 times (x 139B)
Class com.google.common.base.MoreObjects                                              : loaded 2 times (x 71B)
Class com.google.common.collect.BaseImmutableMultimap                                 : loaded 2 times (x 123B)
Class com.google.common.collect.EmptyImmutableListMultimap                            : loaded 2 times (x 176B)
Class com.google.common.reflect.TypeResolver$TypeVariableKey                          : loaded 2 times (x 72B)
Class org.apache.commons.io.output.ByteArrayOutputStream                              : loaded 2 times (x 102B)
Class com.google.common.cache.CacheLoader$FunctionToCacheLoader                       : loaded 2 times (x 75B)
Class com.google.common.collect.ImmutableListMultimap                                 : loaded 2 times (x 176B)
Class com.google.common.reflect.Types$ParameterizedTypeImpl                           : loaded 2 times (x 81B)
Class org.jetbrains.kotlin.com.google.common.base.Preconditions                       : loaded 2 times (x 71B)
Class org.apache.commons.io.output.UnsynchronizedByteArrayOutputStream                : loaded 2 times (x 102B)
Class org.apache.commons.io.filefilter.AbstractFileFilter                             : loaded 2 times (x 121B)
Class com.google.common.collect.Maps$IteratorBasedAbstractMap$1                       : loaded 2 times (x 138B)
Class org.gradle.internal.classloader.InstrumentingClassLoader                        : loaded 2 times (x 70B)
Class org.gradle.internal.classpath.TransformedClassPath                              : loaded 2 times (x 96B)
Class com.google.common.cache.CacheBuilder$NullListener                               : loaded 2 times (x 82B)
Class com.google.common.cache.LocalCache$SoftValueReference                           : loaded 2 times (x 97B)
Class com.google.common.collect.Maps$EntrySet                                         : loaded 2 times (x 136B)
Class com.google.common.collect.ImmutableMultimap$EntryCollection                     : loaded 2 times (x 128B)
Class org.jetbrains.kotlin.util.capitalizeDecapitalize.CapitalizeDecapitalizeKt       : loaded 2 times (x 71B)
Class com.google.common.cache.LocalCache$EntryFactory$8                               : loaded 2 times (x 83B)
Class org.gradle.internal.installation.CurrentGradleInstallation                      : loaded 2 times (x 73B)
Class org.objectweb.asm.FieldWriter                                                   : loaded 2 times (x 78B)
Class com.google.common.reflect.Invokable                                             : loaded 2 times (x 103B)
Class com.google.common.collect.MapMaker$Dummy                                        : loaded 2 times (x 79B)
Class com.google.common.collect.MapDifference                                         : loaded 2 times (x 70B)
Class com.google.common.cache.LocalCache$Strength$3                                   : loaded 2 times (x 81B)
Class com.google.common.base.Splitter$1                                               : loaded 2 times (x 77B)
Class com.google.common.collect.TransformedIterator                                   : loaded 2 times (x 80B)
Class com.google.common.collect.Interner                                              : loaded 2 times (x 70B)
Class com.google.common.collect.Interners$InternerImpl                                : loaded 2 times (x 75B)
Class com.google.common.io.ByteStreams                                                : loaded 2 times (x 71B)
Class org.apache.commons.io.IOCase                                                    : loaded 2 times (x 80B)
Class [Lcom.google.common.collect.Maps$EntryFunction;                                 : loaded 2 times (x 69B)
Class com.google.common.cache.LocalCache$Strength$2                                   : loaded 2 times (x 81B)
Class com.google.common.util.concurrent.SettableFuture                                : loaded 2 times (x 114B)
Class com.google.common.reflect.Types$ClassOwnership$3                                : loaded 2 times (x 71B)
Class org.jetbrains.kotlin.cli.common.messages.CompilerMessageSeverity                : loaded 2 times (x 79B)
Class org.apache.commons.io.output.QueueOutputStream                                  : loaded 2 times (x 87B)
Class org.apache.commons.io.file.Counters$Counter                                     : loaded 2 times (x 70B)
Class com.google.common.collect.Collections2$FilteredCollection                       : loaded 2 times (x 119B)
Class com.google.common.cache.LocalCache$Strength$1                                   : loaded 2 times (x 81B)
Class org.objectweb.asm.ModuleVisitor                                                 : loaded 2 times (x 81B)
Class org.jetbrains.kotlin.com.google.common.collect.Iterators$ArrayItr               : loaded 2 times (x 97B)
Class com.google.common.cache.CacheLoader$1                                           : loaded 2 times (x 75B)
Class org.gradle.util.internal.GUtil                                                  : loaded 2 times (x 71B)
Class com.google.common.collect.Sets$4                                                : loaded 2 times (x 139B)
Class com.google.common.reflect.TypeResolver                                          : loaded 2 times (x 72B)
Class com.google.common.reflect.Types$ClassOwnership$2                                : loaded 2 times (x 80B)
Class com.google.common.collect.MapMakerInternalMap$StrongValueEntry                  : loaded 2 times (x 70B)
Class com.google.common.io.ByteArrayDataInput                                         : loaded 2 times (x 70B)
Class [Lorg.apache.commons.io.IOCase;                                                 : loaded 2 times (x 69B)
Class org.gradle.internal.service.UnknownServiceException                             : loaded 2 times (x 83B)
Class com.google.common.cache.LocalCache$LocalLoadingCache                            : loaded 2 times (x 134B)
Class com.google.common.collect.Sets$3                                                : loaded 2 times (x 139B)
Class [Lorg.objectweb.asm.AnnotationVisitor;                                          : loaded 2 times (x 69B)
Class org.jetbrains.kotlin.cli.common.CompilerSystemProperties                        : loaded 2 times (x 80B)
Class com.google.common.reflect.Types$ClassOwnership$1                                : loaded 2 times (x 80B)
Class com.google.common.base.AbstractIterator$State                                   : loaded 2 times (x 79B)
Class com.google.common.collect.MapMakerInternalMap$Strength$2                        : loaded 2 times (x 80B)
Class org.jetbrains.kotlin.com.google.common.collect.PeekingIterator                  : loaded 2 times (x 70B)
Class org.gradle.api.internal.ClassPathProvider                                       : loaded 2 times (x 70B)
Class [Lorg.gradle.api.internal.ClassPathProvider;                                    : loaded 2 times (x 69B)
Class com.google.common.io.ByteSource                                                 : loaded 2 times (x 84B)
Class com.google.common.cache.AbstractCache$StatsCounter                              : loaded 2 times (x 70B)
Class com.google.common.collect.Sets$2                                                : loaded 2 times (x 139B)
Class com.google.common.collect.Maps$ViewCachingAbstractMap                           : loaded 2 times (x 125B)
Class com.google.common.collect.MapMakerInternalMap$Strength$1                        : loaded 2 times (x 80B)
Class com.google.common.io.CharSource$ConcatenatedCharSource                          : loaded 2 times (x 86B)
Class org.apache.commons.io.FilenameUtils                                             : loaded 2 times (x 71B)
Class org.jetbrains.kotlin.com.google.common.collect.AbstractIterator                 : loaded 2 times (x 82B)
Class [Lcom.google.common.base.Function;                                              : loaded 2 times (x 69B)
Class org.gradle.api.internal.DefaultClassPathProvider                                : loaded 2 times (x 76B)
Class org.objectweb.asm.AnnotationVisitor                                             : loaded 2 times (x 78B)
Class com.google.common.collect.Sets$1                                                : loaded 2 times (x 139B)
Class com.google.common.collect.ImmutableSet$SerializedForm                           : loaded 2 times (x 73B)
Class com.google.common.base.Splitter                                                 : loaded 2 times (x 72B)
Class com.google.common.collect.Iterators$EmptyModifiableIterator                     : loaded 2 times (x 86B)
Class com.google.common.collect.ImmutableEnumMap                                      : loaded 2 times (x 126B)
Class com.google.common.collect.ListMultimap                                          : loaded 2 times (x 70B)
Class org.apache.commons.io.output.StringBuilderWriter                                : loaded 2 times (x 100B)
Class [Lorg.apache.commons.io.StandardLineSeparator;                                  : loaded 2 times (x 69B)
Class com.google.common.collect.CollectSpliterators$1WithCharacteristics              : loaded 2 times (x 90B)
Class com.google.common.io.LineBuffer                                                 : loaded 2 times (x 75B)
Class com.google.common.collect.MapMakerInternalMap$1                                 : loaded 2 times (x 83B)
Class com.google.common.reflect.Types$TypeVariableImpl                                : loaded 2 times (x 72B)
Class org.gradle.internal.installation.GradleInstallation                             : loaded 2 times (x 75B)
Class [Lcom.google.common.collect.ImmutableMapEntry;                                  : loaded 2 times (x 69B)
Class org.jetbrains.kotlin.com.google.common.collect.ImmutableSet$RegularSetBuilderImpl: loaded 2 times (x 77B)
Class com.google.common.base.CharMatcher$None                                         : loaded 2 times (x 112B)
Class [Lcom.google.common.collect.AbstractIterator$State;                             : loaded 2 times (x 69B)
Class org.apache.commons.io.file.PathUtils                                            : loaded 2 times (x 71B)
Class com.google.common.io.ByteSource$ConcatenatedByteSource                          : loaded 2 times (x 85B)
Class org.gradle.internal.classloader.DefaultClassLoaderFactory                       : loaded 2 times (x 82B)
Class com.google.common.base.Suppliers                                                : loaded 2 times (x 71B)
Class [Lcom.google.common.cache.CacheBuilder$OneWeigher;                              : loaded 2 times (x 69B)
Class org.objectweb.asm.MethodTooLargeException                                       : loaded 2 times (x 83B)
Class com.google.common.base.Platform$JdkPatternCompiler                              : loaded 2 times (x 75B)
Class com.google.common.collect.MapMakerInternalMap$Strength                          : loaded 2 times (x 80B)
Class com.google.common.collect.MapMakerInternalMap$StrongKeyDummyValueEntry$LinkedStrongKeyDummyValueEntry: loaded 2 times (x 82B)
Class org.objectweb.asm.ClassVisitor                                                  : loaded 2 times (x 88B)
Class [Lorg.objectweb.asm.Symbol;                                                     : loaded 2 times (x 69B)
Class jdk.internal.jimage.decompressor.ResourceDecompressor$StringsProvider           : loaded 2 times (x 70B)
Class org.jetbrains.kotlin.com.google.common.collect.RegularImmutableSet              : loaded 2 times (x 149B)
Class com.google.common.base.Splitter$Strategy                                        : loaded 2 times (x 70B)
Class com.google.common.collect.Iterables                                             : loaded 2 times (x 71B)
Class com.google.common.reflect.TypeCapture                                           : loaded 2 times (x 71B)
Class com.google.common.collect.TransformedListIterator                               : loaded 2 times (x 93B)
Class com.google.common.cache.LocalCache$Values                                       : loaded 2 times (x 118B)
Class org.apache.commons.io.function.IOFunction                                       : loaded 2 times (x 70B)
Class jdk.internal.jimage.decompressor.StringSharingDecompressorFactory               : loaded 2 times (x 74B)
Class com.google.common.collect.ImmutableMap$MapViewOfValuesAsSingletonSets           : loaded 2 times (x 126B)
Class com.google.common.collect.RegularImmutableMap                                   : loaded 2 times (x 121B)
Class com.google.common.io.ByteArrayDataOutput                                        : loaded 2 times (x 70B)
Class org.apache.commons.io.FileSystem                                                : loaded 2 times (x 80B)
Class com.google.common.util.concurrent.ExecutionError                                : loaded 2 times (x 82B)
Class com.google.common.collect.ImmutableEnumSet                                      : loaded 2 times (x 146B)
Class com.google.common.collect.AbstractMapBasedMultimap$WrappedCollection            : loaded 2 times (x 124B)
Class [Lcom.google.common.cache.RemovalCause;                                         : loaded 2 times (x 69B)
Class org.gradle.internal.classloader.ClassLoaderHierarchy                            : loaded 2 times (x 70B)
Class [Lcom.google.common.base.AbstractIterator$State;                                : loaded 2 times (x 69B)
Class com.google.common.io.FileWriteMode                                              : loaded 2 times (x 79B)
Class [Lcom.google.common.collect.MapMakerInternalMap$Segment;                        : loaded 2 times (x 69B)
Class com.google.common.cache.LocalCache$ValueIterator                                : loaded 2 times (x 86B)
Class jdk.internal.jimage.BasicImageReader                                            : loaded 2 times (x 95B)
Class org.gradle.internal.classloader.FilteringClassLoader                            : loaded 2 times (x 105B)
Class com.google.common.collect.RegularImmutableMap$KeySet                            : loaded 2 times (x 152B)
Class com.google.common.base.PairwiseEquivalence                                      : loaded 2 times (x 83B)
Class com.google.common.base.Equivalence$Identity                                     : loaded 2 times (x 82B)
Class com.google.common.io.LineReader                                                 : loaded 2 times (x 72B)
Class [Lorg.apache.commons.io.FileSystem;                                             : loaded 2 times (x 69B)

---------------  S Y S T E M  ---------------

OS:
 Windows 10 , 64 bit Build 19041 (10.0.19041.5915)
OS uptime: 0 days 6:18 hours
Hyper-V role detected

CPU: total 4 (initial active 4) (2 cores per cpu, 2 threads per core) family 6 model 78 stepping 3 microcode 0xea, cx8, cmov, fxsr, ht, mmx, 3dnowpref, sse, sse2, sse3, ssse3, sse4.1, sse4.2, popcnt, lzcnt, tsc, tscinvbit, avx, avx2, aes, erms, clmul, bmi1, bmi2, rtm, adx, fma, vzeroupper, clflush, clflushopt, hv, rdtscp, f16c
Processor Information for the first 4 processors :
  Max Mhz: 2501, Current Mhz: 2501, Mhz Limit: 2501

Memory: 4k page, system-wide physical 7820M (461M free)
TotalPageFile size 16738M (AvailPageFile size 376M)
current process WorkingSet (physical memory assigned to process): 430M, peak: 1283M
current process commit charge ("private bytes"): 1294M, peak: 2317M

vm_info: OpenJDK 64-Bit Server VM (21.0.10+-14961533-b1163.108) for windows-amd64 JRE (21.0.10+-14961533-b1163.108), built on 2026-03-02T19:58:50Z by "builder" with MS VC++ 16.10 / 16.11 (VS2019)

END.
